type,level,skill,topics,japanese,reading,onyomi,kunyomi,meaning,example,example_reading,example_meaning,source,source_ref,tags,notes
kanji,N5,kanji,,一,ひと,"イチ, イッ",ひと,one,一,イチ,one (numeral),Genki I,Lesson 3,,
kanji,N5,kanji,,一,ひと,"イチ, イッ",ひと,one,一時,イチジ,one o'clock,Genki I,Lesson 3,,
kanji,N5,kanji,,一,ひと,"イチ, イッ",ひと,one,一つ,ひとつ,one,Genki I,Lesson 3,,
kanji,N5,kanji,,二,ふた,ニ,ふた,two,二,ニ,two (numeral),Genki I,Lesson 3,,
kanji,N5,kanji,,二,ふた,ニ,ふた,two,二時,ニジ,two o'clock,Genki I,Lesson 3,,
kanji,N5,kanji,,二,ふた,ニ,ふた,two,二つ,ふたつ,two,Genki I,Lesson 3,,
kanji,N5,kanji,,三,み,サン,み,three,三,サン,three (numeral),Genki I,Lesson 3,,
kanji,N5,kanji,,三,み,サン,み,three,三時,サンジ,three o'clock,Genki I,Lesson 3,,
kanji,N5,kanji,,三,み,サン,み,three,三つ,みっつ,three,Genki I,Lesson 3,,
kanji,N5,kanji,,四,よん,シ,"よん, よ, よっ",four,四,よん／シ,four (numeral),Genki I,Lesson 3,,
kanji,N5,kanji,,四,よん,シ,"よん, よ, よっ",four,四時,よジ,four o'clock,Genki I,Lesson 3,,
kanji,N5,kanji,,四,よん,シ,"よん, よ, よっ",four,四つ,よっつ,four,Genki I,Lesson 3,,
kanji,N5,kanji,,五,いつ,ゴ,いつ,five,五,ゴ,five (numeral),Genki I,Lesson 3,,
kanji,N5,kanji,,五,いつ,ゴ,いつ,five,五時,ゴジ,five o'clock,Genki I,Lesson 3,,
kanji,N5,kanji,,五,いつ,ゴ,いつ,five,五つ,いつつ,five,Genki I,Lesson 3,,
kanji,N5,kanji,,六,む,"ロク, ロッ",む,six,六,ロク,six (numeral),Genki I,Lesson 3,,
kanji,N5,kanji,,六,む,"ロク, ロッ",む,six,六時,ロクジ,six o'clock,Genki I,Lesson 3,,
kanji,N5,kanji,,六,む,"ロク, ロッ",む,six,六つ,むっつ,six,Genki I,Lesson 3,,
kanji,N5,kanji,,七,なな,シチ,なな,seven,七,なな／シチ,seven (numeral),Genki I,Lesson 3,,
kanji,N5,kanji,,七,なな,シチ,なな,seven,七時,シチジ,seven o'clock,Genki I,Lesson 3,,
kanji,N5,kanji,,七,なな,シチ,なな,seven,七つ,ななつ,seven,Genki I,Lesson 3,,
kanji,N5,kanji,,八,や,"ハチ, ハッ",や,eight,八,ハチ,eight (numeral),Genki I,Lesson 3,,
kanji,N5,kanji,,八,や,"ハチ, ハッ",や,eight,八時,ハチジ,eight o'clock,Genki I,Lesson 3,,
kanji,N5,kanji,,八,や,"ハチ, ハッ",や,eight,八つ,やっつ,eight,Genki I,Lesson 3,,
kanji,N5,kanji,,九,ここの,"キュウ, ク",ここの,nine,九,キュウ／ク,nine (numeral),Genki I,Lesson 3,,
kanji,N5,kanji,,九,ここの,"キュウ, ク",ここの,nine,九時,クジ,nine o'clock,Genki I,Lesson 3,,
kanji,N5,kanji,,九,ここの,"キュウ, ク",ここの,nine,九つ,ここのつ,nine,Genki I,Lesson 3,,
kanji,N5,kanji,,十,とお,"ジュウ, ジュッ, ジッ",とお,ten,十,ジュウ,ten (numeral),Genki I,Lesson 3,,
kanji,N5,kanji,,十,とお,"ジュウ, ジュッ, ジッ",とお,ten,十時,ジュウジ,ten o'clock,Genki I,Lesson 3,,
kanji,N5,kanji,,十,とお,"ジュウ, ジュッ, ジッ",とお,ten,十,とお,ten,Genki I,Lesson 3,,
kanji,N5,kanji,,百,ヒャク,"ヒャク, ビャク, ピャク",—,hundred,百,ヒャク,hundred,Genki I,Lesson 3,,
kanji,N5,kanji,,百,ヒャク,"ヒャク, ビャク, ピャク",—,hundred,三百,サンビャク,three hundred,Genki I,Lesson 3,,
kanji,N5,kanji,,百,ヒャク,"ヒャク, ビャク, ピャク",—,hundred,六百,ロッピャク,six hundred,Genki I,Lesson 3,,
kanji,N5,kanji,,百,ヒャク,"ヒャク, ビャク, ピャク",—,hundred,八百,ハッピャク,eight hundred,Genki I,Lesson 3,,
kanji,N5,kanji,,千,セン,"セン, ゼン",—,thousand,千,セン,thousand,Genki I,Lesson 3,,
kanji,N5,kanji,,千,セン,"セン, ゼン",—,thousand,八千,ハッセン,eight thousand,Genki I,Lesson 3,,
kanji,N5,kanji,,千,セン,"セン, ゼン",—,thousand,千円,センエン,one thousand yen,Genki I,Lesson 3,,
kanji,N5,kanji,,千,セン,"セン, ゼン",—,thousand,三千,サンゼン,three thousand,Genki I,Lesson 3,,
kanji,N5,kanji,,万,マン,マン,—,ten thousand,一万,イチマン,ten thousand,Genki I,Lesson 3,,
kanji,N5,kanji,,万,マン,マン,—,ten thousand,十万,ジュウマン,one hundred thousand,Genki I,Lesson 3,,
kanji,N5,kanji,,万,マン,マン,—,ten thousand,百万,ヒャクマン,one million,Genki I,Lesson 3,,
kanji,N5,kanji,,円,まる,エン,まる,yen / circle,円,エン,yen (Japanese currency) / circle,Genki I,Lesson 3,,
kanji,N5,kanji,,円,まる,エン,まる,yen / circle,百円,ヒャクエン,one hundred yen,Genki I,Lesson 3,,
kanji,N5,kanji,,円,まる,エン,まる,yen / circle,円い,まるい,round,Genki I,Lesson 3,,
kanji,N5,kanji,,時,とき,ジ,とき,"time, hour",一時,イチジ,one o'clock,Genki I,Lesson 3,,
kanji,N5,kanji,,時,とき,ジ,とき,"time, hour",こどもの時,こどものとき,in one's childhood,Genki I,Lesson 3,,
kanji,N5,kanji,,日,び,"ニ, ニチ, ニッ","び, ひ, か",day / sun,日本,ニホン,Japan,Genki I,Lesson 4,,
kanji,N5,kanji,,日,び,"ニ, ニチ, ニッ","び, ひ, か",day / sun,日曜日,ニチヨウび,Sunday,Genki I,Lesson 4,,
kanji,N5,kanji,,日,び,"ニ, ニチ, ニッ","び, ひ, か",day / sun,三日,みっか,three days,Genki I,Lesson 4,,
kanji,N5,kanji,,本,もと,ホン,もと,books / basis,本,ホン,book,Genki I,Lesson 4,,
kanji,N5,kanji,,本,もと,ホン,もと,books / basis,本木さん,もときさん,Mr./Ms. Motoki,Genki I,Lesson 4,,
kanji,N5,kanji,,人,ひと,"ジン, ニン",ひと,person,日本人,ニホンジン,Japanese people,Genki I,Lesson 4,,
kanji,N5,kanji,,人,ひと,"ジン, ニン",ひと,person,三人,サンニン,three people,Genki I,Lesson 4,,
kanji,N5,kanji,,人,ひと,"ジン, ニン",ひと,person,一人で,ひとりで,alone,Genki I,Lesson 4,,
kanji,N5,kanji,,人,ひと,"ジン, ニン",ひと,person,この人,このひと,this person,Genki I,Lesson 4,,
kanji,N5,kanji,,月,つき,"ゲツ, ガツ",つき,moon / month,月曜日,ゲツヨウび,Monday,Genki I,Lesson 4,,
kanji,N5,kanji,,月,つき,"ゲツ, ガツ",つき,moon / month,一月,イチガツ,January,Genki I,Lesson 4,,
kanji,N5,kanji,,月,つき,"ゲツ, ガツ",つき,moon / month,一か月,イッカゲツ,one month,Genki I,Lesson 4,,
kanji,N5,kanji,,月,つき,"ゲツ, ガツ",つき,moon / month,月,つき,moon,Genki I,Lesson 4,,
kanji,N5,kanji,,火,ひ,カ,"ひ, び",fire,火曜日,カヨウび,Tuesday,Genki I,Lesson 4,,
kanji,N5,kanji,,火,ひ,カ,"ひ, び",fire,火,ひ,fire,Genki I,Lesson 4,,
kanji,N5,kanji,,水,みず,スイ,みず,water,水曜日,スイヨウび,Wednesday,Genki I,Lesson 4,,
kanji,N5,kanji,,水,みず,スイ,みず,water,水,みず,water,Genki I,Lesson 4,,
kanji,N5,kanji,,木,き,モク,き,tree,木曜日,モクヨウび,Thursday,Genki I,Lesson 4,,
kanji,N5,kanji,,木,き,モク,き,tree,木,き,tree,Genki I,Lesson 4,,
kanji,N5,kanji,,金,かね,キン,かね,gold / money,金曜日,キンヨウび,Friday,Genki I,Lesson 4,,
kanji,N5,kanji,,金,かね,キン,かね,gold / money,金,キン,gold,Genki I,Lesson 4,,
kanji,N5,kanji,,金,かね,キン,かね,gold / money,お金,おかね,money,Genki I,Lesson 4,,
kanji,N5,kanji,,土,つち,"ド, ト",つち,soil,土曜日,ドヨウび,Saturday,Genki I,Lesson 4,,
kanji,N5,kanji,,土,つち,"ド, ト",つち,soil,土,つち,soil,Genki I,Lesson 4,,
kanji,N5,kanji,,曜,ヨウ,ヨウ,—,weekday,曜日,ヨウび,day of the week,Genki I,Lesson 4,,
kanji,N5,kanji,,上,うえ,ジョウ,"うえ, のぼ",up,上,うえ,top / above,Genki I,Lesson 4,,
kanji,N5,kanji,,上,うえ,ジョウ,"うえ, のぼ",up,上る,のぼる,to go up,Genki I,Lesson 4,,
kanji,N5,kanji,,下,した,カ,"した, くだ",down,下,した,under,Genki I,Lesson 4,,
kanji,N5,kanji,,下,した,カ,"した, くだ",down,下さい,ください,please give/do…,Genki I,Lesson 4,,
kanji,N5,kanji,,中,なか,"チュウ, ジュウ",なか,middle,日中,ニッチュウ,during the day,Genki I,Lesson 4,,
kanji,N5,kanji,,中,なか,"チュウ, ジュウ",なか,middle,一日中,イチニチジュウ,all the day long,Genki I,Lesson 4,,
kanji,N5,kanji,,中,なか,"チュウ, ジュウ",なか,middle,中,なか,inside,Genki I,Lesson 4,,
kanji,N5,kanji,,半,ハン,ハン,—,half,三時半,サンジハン,half past three,Genki I,Lesson 4,,
kanji,N5,kanji,,山,やま,サン,やま,mountain,山,やま,mountain,Genki I,Lesson 5,,
kanji,N5,kanji,,山,やま,サン,やま,mountain,山川さん,やまかわさん,Mr./Ms. Yamakawa,Genki I,Lesson 5,,
kanji,N5,kanji,,川,かわ,—,"かわ, がわ",river,川,かわ,river,Genki I,Lesson 5,,
kanji,N5,kanji,,川,かわ,—,"かわ, がわ",river,川田さん,かわたさん,Mr./Ms. Kawata,Genki I,Lesson 5,,
kanji,N5,kanji,,元,もと,"ゲン, ガン",もと,origin,元気な,ゲンキな,fine,Genki I,Lesson 5,,
kanji,N5,kanji,,元,もと,"ゲン, ガン",もと,origin,元日,ガンジツ,the first day of the year,Genki I,Lesson 5,,
kanji,N5,kanji,,元,もと,"ゲン, ガン",もと,origin,元元,もともと,originally / from the start,Genki I,Lesson 5,,
kanji,N5,kanji,,気,キ,キ,—,spirit,人気,ニンキ,popularity,Genki I,Lesson 5,,
kanji,N5,kanji,,気,キ,キ,—,spirit,一気に,イッキに,in one go / in one gulp,Genki I,Lesson 5,,
kanji,N5,kanji,,天,テン,テン,—,heaven,天気,テンキ,weather / good weather,Genki I,Lesson 5,,
kanji,N5,kanji,,私,わたし,シ,わたし,I / private,私見,シケン,personal opinion,Genki I,Lesson 5,,
kanji,N5,kanji,,私,わたし,シ,わたし,I / private,私,わたし,I,Genki I,Lesson 5,,
kanji,N5,kanji,,今,いま,コン,いま,now,今月,コンゲツ,this month,Genki I,Lesson 5,,
kanji,N5,kanji,,今,いま,コン,いま,now,今,いま,now,Genki I,Lesson 5,,
kanji,N5,kanji,,今,いま,コン,いま,now,今日,きょう,today,Genki I,Lesson 5,,
kanji,N5,kanji,,田,た,—,"た, だ",rice field,田中さん,たなかさん,Mr./Ms. Tanaka,Genki I,Lesson 5,,
kanji,N5,kanji,,田,た,—,"た, だ",rice field,山田さん,やまださん,Mr./Ms. Yamada,Genki I,Lesson 5,,
kanji,N5,kanji,,田,た,—,"た, だ",rice field,田んぼ,たんぼ,rice field,Genki I,Lesson 5,,
kanji,N5,kanji,,女,おんな,ジョ,おんな,woman,男女,ダンジョ,men and women,Genki I,Lesson 5,,
kanji,N5,kanji,,女,おんな,ジョ,おんな,woman,女の人,おんなのひと,woman,Genki I,Lesson 5,,
kanji,N5,kanji,,男,おとこ,ダン,おとこ,man,男の人,おとこのひと,man,Genki I,Lesson 5,,
kanji,N5,kanji,,見,み,ケン,み,to see,一見,イッケン,look / glimpse / at first glance,Genki I,Lesson 5,,
kanji,N5,kanji,,見,み,ケン,み,to see,見る,みる,to see,Genki I,Lesson 5,,
kanji,N5,kanji,,見,み,ケン,み,to see,月見,つきみ,moon viewing,Genki I,Lesson 5,,
kanji,N5,kanji,,行,い,"コウ, ギョウ",い,to go,一行,イッコウ,party / group,Genki I,Lesson 5,,
kanji,N5,kanji,,行,い,"コウ, ギョウ",い,to go,一行,イチギョウ,one line / one row,Genki I,Lesson 5,,
kanji,N5,kanji,,行,い,"コウ, ギョウ",い,to go,行く,いく,to go,Genki I,Lesson 5,,
kanji,N5,kanji,,食,た,ショク,た,to eat,日本食,ニホンショク,Japanese food / meal,Genki I,Lesson 5,,
kanji,N5,kanji,,食,た,ショク,た,to eat,食べる,たべる,to eat,Genki I,Lesson 5,,
kanji,N5,kanji,,飲,の,イン,の,to drink,飲食,インショク,food and drink / eating and drinking,Genki I,Lesson 5,,
kanji,N5,kanji,,飲,の,イン,の,to drink,飲む,のむ,to drink,Genki I,Lesson 5,,
kanji,N5,kanji,,東,ひがし,トウ,ひがし,east,東,ひがし,east,Genki I,Lesson 6,,
kanji,N5,kanji,,東,ひがし,トウ,ひがし,east,東口,ひがしぐち,east exit,Genki I,Lesson 6,,
kanji,N5,kanji,,西,にし,"セイ, サイ",にし,west,北西,ホクセイ,northwest,Genki I,Lesson 6,,
kanji,N5,kanji,,西,にし,"セイ, サイ",にし,west,西,にし,west,Genki I,Lesson 6,,
kanji,N5,kanji,,西,にし,"セイ, サイ",にし,west,西口,にしぐち,west exit,Genki I,Lesson 6,,
kanji,N5,kanji,,南,みなみ,ナン,みなみ,south,南東,ナントウ,southeast,Genki I,Lesson 6,,
kanji,N5,kanji,,南,みなみ,ナン,みなみ,south,東南アジア,トウナンアジア,Southeast Asia,Genki I,Lesson 6,,
kanji,N5,kanji,,南,みなみ,ナン,みなみ,south,南,みなみ,south,Genki I,Lesson 6,,
kanji,N5,kanji,,南,みなみ,ナン,みなみ,south,南口,みなみぐち,south exit,Genki I,Lesson 6,,
kanji,N5,kanji,,北,きた,"ホク, ホッ",きた,north,東北,トウホク,the north-east / Tohoku area,Genki I,Lesson 6,,
kanji,N5,kanji,,北,きた,"ホク, ホッ",きた,north,北,きた,north,Genki I,Lesson 6,,
kanji,N5,kanji,,北,きた,"ホク, ホッ",きた,north,北口,きたぐち,north exit,Genki I,Lesson 6,,
kanji,N5,kanji,,口,ぐち,コウ,"ぐち, くち",mouth,人口,ジンコウ,population,Genki I,Lesson 6,,
kanji,N5,kanji,,口,ぐち,コウ,"ぐち, くち",mouth,口,くち,mouth,Genki I,Lesson 6,,
kanji,N5,kanji,,出,で,"シュッ, シュツ","で, だ",to exit,出国,シュッコク,departure from a country,Genki I,Lesson 6,,
kanji,N5,kanji,,出,で,"シュッ, シュツ","で, だ",to exit,出る,でる,to exit,Genki I,Lesson 6,,
kanji,N5,kanji,,出,で,"シュッ, シュツ","で, だ",to exit,出口,でぐち,exit,Genki I,Lesson 6,,
kanji,N5,kanji,,出,で,"シュッ, シュツ","で, だ",to exit,出す,だす,to take something out,Genki I,Lesson 6,,
kanji,N5,kanji,,右,みぎ,"ウ, ユウ",みぎ,right,左右,サユウ,right and left,Genki I,Lesson 6,,
kanji,N5,kanji,,右,みぎ,"ウ, ユウ",みぎ,right,右,みぎ,right,Genki I,Lesson 6,,
kanji,N5,kanji,,右,みぎ,"ウ, ユウ",みぎ,right,右上,みぎうえ,upper right,Genki I,Lesson 6,,
kanji,N5,kanji,,左,ひだり,サ,ひだり,left,左,ひだり,left,Genki I,Lesson 6,,
kanji,N5,kanji,,左,ひだり,サ,ひだり,left,左上,ひだりうえ,upper left,Genki I,Lesson 6,,
kanji,N5,kanji,,分,わ,"フン, プン, ブン",わ,minute / to divide,五分,ゴフン,five minutes,Genki I,Lesson 6,,
kanji,N5,kanji,,分,わ,"フン, プン, ブン",わ,minute / to divide,十分,ジュップン,ten minutes,Genki I,Lesson 6,,
kanji,N5,kanji,,分,わ,"フン, プン, ブン",わ,minute / to divide,半分,ハンブン,half,Genki I,Lesson 6,,
kanji,N5,kanji,,分,わ,"フン, プン, ブン",わ,minute / to divide,分ける,わける,to divide,Genki I,Lesson 6,,
kanji,N5,kanji,,先,さき,セン,さき,ahead,先生,センセイ,teacher,Genki I,Lesson 6,,
kanji,N5,kanji,,先,さき,セン,さき,ahead,先日,センジツ,the other day,Genki I,Lesson 6,,
kanji,N5,kanji,,先,さき,セン,さき,ahead,先に,さきに,ahead,Genki I,Lesson 6,,
kanji,N5,kanji,,生,う,"セイ, ショウ",う,birth,学生,ガクセイ,student,Genki I,Lesson 6,,
kanji,N5,kanji,,生,う,"セイ, ショウ",う,birth,一生,イッショウ,whole life / a lifetime,Genki I,Lesson 6,,
kanji,N5,kanji,,生,う,"セイ, ショウ",う,birth,生む,うむ,to give birth / to produce,Genki I,Lesson 6,,
kanji,N5,kanji,,生,う,"セイ, ショウ",う,birth,生まれる,うまれる,to be born,Genki I,Lesson 6,,
kanji,N5,kanji,,大,おお,"ダイ, タイ",おお,big,大学生,ダイガクセイ,college/university student,Genki I,Lesson 6,,
kanji,N5,kanji,,大,おお,"ダイ, タイ",おお,big,大半,タイハン,majority / mostly,Genki I,Lesson 6,,
kanji,N5,kanji,,大,おお,"ダイ, タイ",おお,big,大きい,おおきい,big,Genki I,Lesson 6,,
kanji,N5,kanji,,大,おお,"ダイ, タイ",おお,big,大人,おとな,adult,Genki I,Lesson 6,,
kanji,N5,kanji,,学,まな,"ガク, ガッ",まな,learning,大学,ダイガク,university / college,Genki I,Lesson 6,,
kanji,N5,kanji,,学,まな,"ガク, ガッ",まな,learning,学ぶ,まなぶ,to study,Genki I,Lesson 6,,
kanji,N5,kanji,,外,そと,ガイ,そと,outside,外国,ガイコク,foreign country,Genki I,Lesson 6,,
kanji,N5,kanji,,外,そと,ガイ,そと,outside,外国人,ガイコクジン,foreigner,Genki I,Lesson 6,,
kanji,N5,kanji,,外,そと,ガイ,そと,outside,外出,ガイシュツ,going out,Genki I,Lesson 6,,
kanji,N5,kanji,,外,そと,ガイ,そと,outside,外,そと,outside,Genki I,Lesson 6,,
kanji,N5,kanji,,国,くに,"コク, ゴク, コッ",くに,country,大国,タイコク,large country / major nation,Genki I,Lesson 6,,
kanji,N5,kanji,,国,くに,"コク, ゴク, コッ",くに,country,中国,チュウゴク,China,Genki I,Lesson 6,,
kanji,N5,kanji,,国,くに,"コク, ゴク, コッ",くに,country,国,くに,country,Genki I,Lesson 6,,
kanji,N5,kanji,,京,キョウ,キョウ,—,capital,東京,トウキョウ,Tokyo,Genki I,Lesson 7,,
kanji,N5,kanji,,京,キョウ,キョウ,—,capital,京子,キョウこ,Kyoko (name),Genki I,Lesson 7,,
kanji,N5,kanji,,京,キョウ,キョウ,—,capital,上京する,ジョウキョウする,to go to the capital,Genki I,Lesson 7,,
kanji,N5,kanji,,子,こ,シ,こ,child,女子,ジョシ,girl / woman,Genki I,Lesson 7,,
kanji,N5,kanji,,子,こ,シ,こ,child,男子,ダンシ,boy / man,Genki I,Lesson 7,,
kanji,N5,kanji,,子,こ,シ,こ,child,男の子,おとこのこ,boy,Genki I,Lesson 7,,
kanji,N5,kanji,,子,こ,シ,こ,child,女の子,おんなのこ,girl,Genki I,Lesson 7,,
kanji,N5,kanji,,小,ちい,ショウ,ちい,small,小学校,ショウガッコウ,elementary school,Genki I,Lesson 7,,
kanji,N5,kanji,,小,ちい,ショウ,ちい,small,小学生,ショウガクセイ,elementary school student,Genki I,Lesson 7,,
kanji,N5,kanji,,小,ちい,ショウ,ちい,small,小さい,ちいさい,small,Genki I,Lesson 7,,
kanji,N5,kanji,,会,あ,カイ,あ,to meet,会社,カイシャ,company,Genki I,Lesson 7,,
kanji,N5,kanji,,会,あ,カイ,あ,to meet,国会,コッカイ,National Diet,Genki I,Lesson 7,,
kanji,N5,kanji,,会,あ,カイ,あ,to meet,会う,あう,to meet,Genki I,Lesson 7,,
kanji,N5,kanji,,社,シャ,"シャ, ジャ",—,company,社会,シャカイ,society,Genki I,Lesson 7,,
kanji,N5,kanji,,社,シャ,"シャ, ジャ",—,company,入社,ニュウシャ,entry to a company,Genki I,Lesson 7,,
kanji,N5,kanji,,父,ちち,フ,"ちち, とう",father,父母,フボ,father and mother,Genki I,Lesson 7,,
kanji,N5,kanji,,父,ちち,フ,"ちち, とう",father,父,ちち,father (formal),Genki I,Lesson 7,,
kanji,N5,kanji,,父,ちち,フ,"ちち, とう",father,お父さん,おとうさん,father,Genki I,Lesson 7,,
kanji,N5,kanji,,母,はは,ボ,"はは, かあ",mother,母語,ボゴ,mother tongue,Genki I,Lesson 7,,
kanji,N5,kanji,,母,はは,ボ,"はは, かあ",mother,母国,ボコク,one's home country,Genki I,Lesson 7,,
kanji,N5,kanji,,母,はは,ボ,"はは, かあ",mother,母,はは,mother (formal),Genki I,Lesson 7,,
kanji,N5,kanji,,母,はは,ボ,"はは, かあ",mother,お母さん,おかあさん,mother,Genki I,Lesson 7,,
kanji,N5,kanji,,高,たか,コウ,たか,high,高校,コウコウ,high school,Genki I,Lesson 7,,
kanji,N5,kanji,,高,たか,コウ,たか,high,高校生,コウコウセイ,high school student,Genki I,Lesson 7,,
kanji,N5,kanji,,高,たか,コウ,たか,high,高い,たかい,expensive / high,Genki I,Lesson 7,,
kanji,N5,kanji,,校,コウ,コウ,—,school,学校,ガッコウ,school,Genki I,Lesson 7,,
kanji,N5,kanji,,校,コウ,コウ,—,school,中学校,チュウガッコウ,junior high school,Genki I,Lesson 7,,
kanji,N5,kanji,,毎,マイ,マイ,—,every,毎日,マイニチ,every day,Genki I,Lesson 7,,
kanji,N5,kanji,,語,ゴ,ゴ,—,word / language,外国語,ガイコクゴ,foreign language,Genki I,Lesson 7,,
kanji,N5,kanji,,語,ゴ,ゴ,—,word / language,中国語,チュウゴクゴ,Chinese language,Genki I,Lesson 7,,
kanji,N5,kanji,,語,ゴ,ゴ,—,word / language,日本語,ニホンゴ,Japanese language,Genki I,Lesson 7,,
kanji,N5,kanji,,文,ブン,ブン,—,sentence,文学,ブンガク,literature,Genki I,Lesson 7,,
kanji,N5,kanji,,文,ブン,ブン,—,sentence,本文,ホンブン,"text (of a book, document, etc.)",Genki I,Lesson 7,,
kanji,N5,kanji,,帰,かえ,キ,かえ,to return,帰京,キキョウ,returning to the capital,Genki I,Lesson 7,,
kanji,N5,kanji,,帰,かえ,キ,かえ,to return,帰国,キコク,return to one's country,Genki I,Lesson 7,,
kanji,N5,kanji,,帰,かえ,キ,かえ,to return,帰り,かえり,return,Genki I,Lesson 7,,
kanji,N5,kanji,,帰,かえ,キ,かえ,to return,帰る,かえる,to return (home),Genki I,Lesson 7,,
kanji,N5,kanji,,入,はい,ニュウ,"はい, いり",to enter,入会,ニュウカイ,"admission (to a society, club, etc.)",Genki I,Lesson 7,,
kanji,N5,kanji,,入,はい,ニュウ,"はい, いり",to enter,入学,ニュウガク,admission (to a school or university),Genki I,Lesson 7,,
kanji,N5,kanji,,入,はい,ニュウ,"はい, いり",to enter,入国,ニュウコク,entry into a country,Genki I,Lesson 7,,
kanji,N5,kanji,,入,はい,ニュウ,"はい, いり",to enter,入る,はいる,to enter,Genki I,Lesson 7,,
kanji,N5,kanji,,入,はい,ニュウ,"はい, いり",to enter,入れる,いれる,to put something in,Genki I,Lesson 7,,
kanji,N5,kanji,,入,はい,ニュウ,"はい, いり",to enter,入り口,いりぐち,entrance,Genki I,Lesson 7,,
kanji,N5,kanji,,員,イン,イン,—,member,会社員,カイシャイン,office worker,Genki I,Lesson 8,,
kanji,N5,kanji,,員,イン,イン,—,member,社員,シャイン,company employee,Genki I,Lesson 8,,
kanji,N5,kanji,,員,イン,イン,—,member,会員,カイイン,member (of a group or club),Genki I,Lesson 8,,
kanji,N5,kanji,,員,イン,イン,—,member,一員,イチイン,one member,Genki I,Lesson 8,,
kanji,N5,kanji,,新,あたら,シン,あたら,new,新人,シンジン,new face / newcomer,Genki I,Lesson 8,,
kanji,N5,kanji,,新,あたら,シン,あたら,new,新聞,シンブン,newspaper,Genki I,Lesson 8,,
kanji,N5,kanji,,新,あたら,シン,あたら,new,新しい,あたらしい,new,Genki I,Lesson 8,,
kanji,N5,kanji,,聞,き,ブン,き,to listen,見聞,ケンブン,experience / observation,Genki I,Lesson 8,,
kanji,N5,kanji,,聞,き,ブン,き,to listen,聞く,きく,to listen,Genki I,Lesson 8,,
kanji,N5,kanji,,聞,き,ブン,き,to listen,聞こえる,きこえる,can be heard,Genki I,Lesson 8,,
kanji,N5,kanji,,作,つく,サク,つく,to make,作文,サクブン,composition,Genki I,Lesson 8,,
kanji,N5,kanji,,作,つく,サク,つく,to make,大作,タイサク,large-scale work,Genki I,Lesson 8,,
kanji,N5,kanji,,作,つく,サク,つく,to make,作る,つくる,to make,Genki I,Lesson 8,,
kanji,N5,kanji,,仕,つか,シ,つか,to serve,仕事,シごと,job / work,Genki I,Lesson 8,,
kanji,N5,kanji,,仕,つか,シ,つか,to serve,仕える,つかえる,to serve / to work under,Genki I,Lesson 8,,
kanji,N5,kanji,,事,ごと,ジ,"ごと, こと",thing,火事,カジ,fire,Genki I,Lesson 8,,
kanji,N5,kanji,,事,ごと,ジ,"ごと, こと",thing,食事,ショクジ,meal,Genki I,Lesson 8,,
kanji,N5,kanji,,事,ごと,ジ,"ごと, こと",thing,大事,ダイジ,important / serious / precious,Genki I,Lesson 8,,
kanji,N5,kanji,,事,ごと,ジ,"ごと, こと",thing,見事,みごと,splendid / magnificent,Genki I,Lesson 8,,
kanji,N5,kanji,,事,ごと,ジ,"ごと, こと",thing,事,こと,thing,Genki I,Lesson 8,,
kanji,N5,kanji,,電,デン,デン,—,electricity,電気,デンキ,electricity / light,Genki I,Lesson 8,,
kanji,N5,kanji,,電,デン,デン,—,electricity,電車,デンシャ,train,Genki I,Lesson 8,,
kanji,N5,kanji,,電,デン,デン,—,electricity,電子,デンシ,electron / electronic,Genki I,Lesson 8,,
kanji,N5,kanji,,車,くるま,シャ,くるま,car,水車,スイシャ,water wheel,Genki I,Lesson 8,,
kanji,N5,kanji,,車,くるま,シャ,くるま,car,日本車,ニホンシャ,Japanese car,Genki I,Lesson 8,,
kanji,N5,kanji,,車,くるま,シャ,くるま,car,車,くるま,car,Genki I,Lesson 8,,
kanji,N5,kanji,,休,やす,キュウ,やす,to rest,休学,キュウガク,temporary absence from school,Genki I,Lesson 8,,
kanji,N5,kanji,,休,やす,キュウ,やす,to rest,休日,キュウジツ,holiday / day off,Genki I,Lesson 8,,
kanji,N5,kanji,,休,やす,キュウ,やす,to rest,休む,やすむ,to be absent / to rest,Genki I,Lesson 8,,
kanji,N5,kanji,,休,やす,キュウ,やす,to rest,休み,やすみ,holiday / absence,Genki I,Lesson 8,,
kanji,N5,kanji,,言,い,ゲン,"い, こと",to say,言語,ゲンゴ,language,Genki I,Lesson 8,,
kanji,N5,kanji,,言,い,ゲン,"い, こと",to say,言う,いう,to say,Genki I,Lesson 8,,
kanji,N5,kanji,,言,い,ゲン,"い, こと",to say,一言,ひとこと,single word / brief comment,Genki I,Lesson 8,,
kanji,N5,kanji,,読,よ,ドク,よ,to read,一読,イチドク,perusal / one reading,Genki I,Lesson 8,,
kanji,N5,kanji,,読,よ,ドク,よ,to read,読む,よむ,to read,Genki I,Lesson 8,,
kanji,N5,kanji,,思,おも,シ,おも,to think,思う,おもう,to think,Genki I,Lesson 8,,
kanji,N5,kanji,,思,おも,シ,おも,to think,思い出す,おもいだす,to recall / to remember,Genki I,Lesson 8,,
kanji,N5,kanji,,思,おも,シ,おも,to think,思い出,おもいで,memories,Genki I,Lesson 8,,
kanji,N5,kanji,,次,つぎ,ジ,つぎ,next,次女,ジジョ,second daughter,Genki I,Lesson 8,,
kanji,N5,kanji,,次,つぎ,ジ,つぎ,next,次男,ジナン,second son,Genki I,Lesson 8,,
kanji,N5,kanji,,次,つぎ,ジ,つぎ,next,次,つぎ,next,Genki I,Lesson 8,,
kanji,N5,kanji,,何,なに,—,"なに, なん",what,何,なに,what,Genki I,Lesson 8,,
kanji,N5,kanji,,何,なに,—,"なに, なん",what,何か,なにか,something,Genki I,Lesson 8,,
kanji,N5,kanji,,何,なに,—,"なに, なん",what,何時,なんジ,what time,Genki I,Lesson 8,,
kanji,N5,kanji,,何,なに,—,"なに, なん",what,何人,なんニン,how many people,Genki I,Lesson 8,,
kanji,N5,kanji,,午,ゴ,ゴ,—,noon,午後,ゴゴ,P.M. / in the afternoon,Genki I,Lesson 9,,
kanji,N5,kanji,,午,ゴ,ゴ,—,noon,午前,ゴゼン,A.M.,Genki I,Lesson 9,,
kanji,N5,kanji,,午,ゴ,ゴ,—,noon,午前中,ゴゼンチュウ,in the morning,Genki I,Lesson 9,,
kanji,N5,kanji,,後,あと,ゴ,"あと, うし",after,前後,ゼンゴ,front and back / before and behind,Genki I,Lesson 9,,
kanji,N5,kanji,,後,あと,ゴ,"あと, うし",after,後で,あとで,later,Genki I,Lesson 9,,
kanji,N5,kanji,,後,あと,ゴ,"あと, うし",after,後ろ,うしろ,back / behind,Genki I,Lesson 9,,
kanji,N5,kanji,,前,まえ,ゼン,まえ,before,前日,ゼンジツ,previous day,Genki I,Lesson 9,,
kanji,N5,kanji,,前,まえ,ゼン,まえ,before,前,まえ,before / front,Genki I,Lesson 9,,
kanji,N5,kanji,,前,まえ,ゼン,まえ,before,名前,なまえ,name,Genki I,Lesson 9,,
kanji,N5,kanji,,名,な,メイ,な,name,名人,メイジン,master / expert,Genki I,Lesson 9,,
kanji,N5,kanji,,名,な,メイ,な,name,名作,メイサク,masterpiece,Genki I,Lesson 9,,
kanji,N5,kanji,,名,な,メイ,な,name,名,な,name / given name / fame,Genki I,Lesson 9,,
kanji,N5,kanji,,白,しろ,ハク,しろ,white,白人,ハクジン,white person,Genki I,Lesson 9,,
kanji,N5,kanji,,白,しろ,ハク,しろ,white,白い,しろい,white,Genki I,Lesson 9,,
kanji,N5,kanji,,白,しろ,ハク,しろ,white,白,しろ,white colour,Genki I,Lesson 9,,
kanji,N5,kanji,,雨,あめ,ウ,あめ,rain,雨天,ウテン,rainy weather,Genki I,Lesson 9,,
kanji,N5,kanji,,雨,あめ,ウ,あめ,rain,雨,あめ,rain,Genki I,Lesson 9,,
kanji,N5,kanji,,書,か,ショ,か,to write,読書,ドクショ,reading (a book),Genki I,Lesson 9,,
kanji,N5,kanji,,書,か,ショ,か,to write,文書,ブンショ,document / records / archives,Genki I,Lesson 9,,
kanji,N5,kanji,,書,か,ショ,か,to write,書く,かく,to write,Genki I,Lesson 9,,
kanji,N5,kanji,,友,とも,ユウ,とも,friend,友人,ユウジン,friend,Genki I,Lesson 9,,
kanji,N5,kanji,,友,とも,ユウ,とも,friend,友,とも,friend / companion / pal,Genki I,Lesson 9,,
kanji,N5,kanji,,間,あいだ,"カン, ゲン",あいだ,between,時間,ジカン,time,Genki I,Lesson 9,,
kanji,N5,kanji,,間,あいだ,"カン, ゲン",あいだ,between,二時間,ニジカン,two hours,Genki I,Lesson 9,,
kanji,N5,kanji,,間,あいだ,"カン, ゲン",あいだ,between,人間,ニンゲン,human being,Genki I,Lesson 9,,
kanji,N5,kanji,,間,あいだ,"カン, ゲン",あいだ,between,この間,このあいだ,the other day / lately,Genki I,Lesson 9,,
kanji,N5,kanji,,家,いえ,カ,"いえ, うち",house,一家,イッカ,a family / one's family,Genki I,Lesson 9,,
kanji,N5,kanji,,家,いえ,カ,"いえ, うち",house,作家,サッカ,author / writer / novelist,Genki I,Lesson 9,,
kanji,N5,kanji,,家,いえ,カ,"いえ, うち",house,家,いえ,house,Genki I,Lesson 9,,
kanji,N5,kanji,,家,いえ,カ,"いえ, うち",house,家,うち,house / home,Genki I,Lesson 9,,
kanji,N5,kanji,,話,はな,ワ,はな,to speak,会話,カイワ,conversation,Genki I,Lesson 9,,
kanji,N5,kanji,,話,はな,ワ,はな,to speak,電話,デンワ,telephone,Genki I,Lesson 9,,
kanji,N5,kanji,,話,はな,ワ,はな,to speak,話す,はなす,to speak,Genki I,Lesson 9,,
kanji,N5,kanji,,話,はな,ワ,はな,to speak,話,はなし,talk / story,Genki I,Lesson 9,,
kanji,N5,kanji,,少,すこ,ショウ,"すこ, すく",little,少女,ショウジョ,girl,Genki I,Lesson 9,,
kanji,N5,kanji,,少,すこ,ショウ,"すこ, すく",little,少年,ショウネン,boy,Genki I,Lesson 9,,
kanji,N5,kanji,,少,すこ,ショウ,"すこ, すく",little,少し,すこし,little,Genki I,Lesson 9,,
kanji,N5,kanji,,少,すこ,ショウ,"すこ, すく",little,少ない,すくない,few,Genki I,Lesson 9,,
kanji,N5,kanji,,古,ふる,コ,ふる,old,中古,チュウコ,secondhand,Genki I,Lesson 9,,
kanji,N5,kanji,,古,ふる,コ,ふる,old,古来,コライ,from time immemorial,Genki I,Lesson 9,,
kanji,N5,kanji,,古,ふる,コ,ふる,old,古い,ふるい,old (for things),Genki I,Lesson 9,,
kanji,N5,kanji,,古,ふる,コ,ふる,old,古本,ふるほん,secondhand book,Genki I,Lesson 9,,
kanji,N5,kanji,,知,し,チ,し,to know,知人,チジン,acquaintance,Genki I,Lesson 9,,
kanji,N5,kanji,,知,し,チ,し,to know,知事,チジ,prefectural governor,Genki I,Lesson 9,,
kanji,N5,kanji,,知,し,チ,し,to know,知る,しる,to know,Genki I,Lesson 9,,
kanji,N5,kanji,,知,し,チ,し,to know,お知らせ,おしらせ,news / notice / information,Genki I,Lesson 9,,
kanji,N5,kanji,,来,く,ライ,"く, き, こ",to come,来月,ライゲツ,next month,Genki I,Lesson 9,,
kanji,N5,kanji,,来,く,ライ,"く, き, こ",to come,来日,ライニチ,visit to Japan,Genki I,Lesson 9,,
kanji,N5,kanji,,来,く,ライ,"く, き, こ",to come,来る,くる,to come,Genki I,Lesson 9,,
kanji,N5,kanji,,来,く,ライ,"く, き, こ",to come,来ない,こない,not to come,Genki I,Lesson 9,,
kanji,N5,kanji,,住,す,ジュウ,す,to live,住人,ジュウニン,inhabitant / resident,Genki I,Lesson 10,,
kanji,N5,kanji,,住,す,ジュウ,す,to live,住む,すむ,to live,Genki I,Lesson 10,,
kanji,N5,kanji,,正,ただ,ショウ,ただ,right,お正月,おショウガツ,New Year,Genki I,Lesson 10,,
kanji,N5,kanji,,正,ただ,ショウ,ただ,right,正午,ショウゴ,noon,Genki I,Lesson 10,,
kanji,N5,kanji,,正,ただ,ショウ,ただ,right,正しい,ただしい,right,Genki I,Lesson 10,,
kanji,N5,kanji,,年,とし,ネン,とし,year,一年,イチネン,one year,Genki I,Lesson 10,,
kanji,N5,kanji,,年,とし,ネン,とし,year,来年,ライネン,next year,Genki I,Lesson 10,,
kanji,N5,kanji,,年,とし,ネン,とし,year,年,とし,year,Genki I,Lesson 10,,
kanji,N5,kanji,,年,とし,ネン,とし,year,今年,ことし,this year,Genki I,Lesson 10,,
kanji,N5,kanji,,売,う,バイ,う,to sell,売買,バイバイ,selling and buying,Genki I,Lesson 10,,
kanji,N5,kanji,,売,う,バイ,う,to sell,売る,うる,to sell,Genki I,Lesson 10,,
kanji,N5,kanji,,売,う,バイ,う,to sell,前売り,まえうり,advance sale,Genki I,Lesson 10,,
kanji,N5,kanji,,買,か,バイ,か,to buy,買う,かう,to buy,Genki I,Lesson 10,,
kanji,N5,kanji,,町,まち,チョウ,まち,town,町長,チョウチョウ,mayor of a town,Genki I,Lesson 10,,
kanji,N5,kanji,,町,まち,チョウ,まち,town,町,まち,town,Genki I,Lesson 10,,
kanji,N5,kanji,,長,なが,チョウ,なが,long / superior,長男,チョウナン,the eldest son,Genki I,Lesson 10,,
kanji,N5,kanji,,長,なが,チョウ,なが,long / superior,社長,シャチョウ,company president,Genki I,Lesson 10,,
kanji,N5,kanji,,長,なが,チョウ,なが,long / superior,校長,コウチョウ,principal / head teacher,Genki I,Lesson 10,,
kanji,N5,kanji,,長,なが,チョウ,なが,long / superior,長い,ながい,long,Genki I,Lesson 10,,
kanji,N5,kanji,,道,みち,ドウ,みち,way,書道,ショドウ,calligraphy,Genki I,Lesson 10,,
kanji,N5,kanji,,道,みち,ドウ,みち,way,国道,コクドウ,national road / highway,Genki I,Lesson 10,,
kanji,N5,kanji,,道,みち,ドウ,みち,way,道,みち,way / road,Genki I,Lesson 10,,
kanji,N5,kanji,,雪,ゆき,セツ,ゆき,snow,新雪,シンセツ,new snow,Genki I,Lesson 10,,
kanji,N5,kanji,,雪,ゆき,セツ,ゆき,snow,雪,ゆき,snow,Genki I,Lesson 10,,
kanji,N5,kanji,,雪,ゆき,セツ,ゆき,snow,雪だるま,ゆきだるま,snowman,Genki I,Lesson 10,,
kanji,N5,kanji,,立,た,リツ,た,to stand,国立大学,コクリツダイガク,national university,Genki I,Lesson 10,,
kanji,N5,kanji,,立,た,リツ,た,to stand,自立,ジリツ,independence / self-reliance,Genki I,Lesson 10,,
kanji,N5,kanji,,立,た,リツ,た,to stand,立つ,たつ,to stand,Genki I,Lesson 10,,
kanji,N5,kanji,,自,ジ,ジ,—,self,自分,ジブン,oneself,Genki I,Lesson 10,,
kanji,N5,kanji,,自,ジ,ジ,—,self,自作,ジサク,one's own work,Genki I,Lesson 10,,
kanji,N5,kanji,,夜,よる,ヤ,"よる, よ",night,今夜,コンヤ,tonight,Genki I,Lesson 10,,
kanji,N5,kanji,,夜,よる,ヤ,"よる, よ",night,夜,よる,night,Genki I,Lesson 10,,
kanji,N5,kanji,,夜,よる,ヤ,"よる, よ",night,夜中,よなか,middle of night,Genki I,Lesson 10,,
kanji,N5,kanji,,朝,あさ,チョウ,あさ,morning,朝食,チョウショク,breakfast,Genki I,Lesson 10,,
kanji,N5,kanji,,朝,あさ,チョウ,あさ,morning,朝,あさ,morning,Genki I,Lesson 10,,
kanji,N5,kanji,,朝,あさ,チョウ,あさ,morning,毎朝,マイあさ,every morning,Genki I,Lesson 10,,
kanji,N5,kanji,,朝,あさ,チョウ,あさ,morning,今朝,けさ,this morning,Genki I,Lesson 10,,
kanji,N5,kanji,,持,も,ジ,も,to hold,持つ,もつ,to hold / to carry,Genki I,Lesson 10,,
kanji,N5,kanji,,持,も,ジ,も,to hold,持ってくる,もってくる,to bring (a thing),Genki I,Lesson 10,,
kanji,N5,kanji,,持,も,ジ,も,to hold,気持ち,きもち,feeling,Genki I,Lesson 10,,
kanji,N5,kanji,,手,て,シュ,て,hand,手話,シュワ,sign language,Genki I,Lesson 11,,
kanji,N5,kanji,,手,て,シュ,て,hand,歌手,カシュ,singer,Genki I,Lesson 11,,
kanji,N5,kanji,,手,て,シュ,て,hand,手,て,hand,Genki I,Lesson 11,,
kanji,N5,kanji,,手,て,シュ,て,hand,上手,じょうず,good at,Genki I,Lesson 11,,
kanji,N5,kanji,,紙,かみ,シ,かみ,paper,白紙,ハクシ,white paper / blank paper,Genki I,Lesson 11,,
kanji,N5,kanji,,紙,かみ,シ,かみ,paper,手紙,てがみ,letter,Genki I,Lesson 11,,
kanji,N5,kanji,,紙,かみ,シ,かみ,paper,紙,かみ,paper,Genki I,Lesson 11,,
kanji,N5,kanji,,好,す,コウ,"す, この",favourite / to like,友好,ユウコウ,friendship,Genki I,Lesson 11,,
kanji,N5,kanji,,好,す,コウ,"す, この",favourite / to like,好きな,すきな,to like,Genki I,Lesson 11,,
kanji,N5,kanji,,好,す,コウ,"す, この",favourite / to like,大好きな,ダイすきな,to love,Genki I,Lesson 11,,
kanji,N5,kanji,,好,す,コウ,"す, この",favourite / to like,好む,このむ,to like / to prefer,Genki I,Lesson 11,,
kanji,N5,kanji,,近,ちか,キン,ちか,near,近日,キンジツ,soon / in a few days,Genki I,Lesson 11,,
kanji,N5,kanji,,近,ちか,キン,ちか,near,近く,ちかく,near / nearby,Genki I,Lesson 11,,
kanji,N5,kanji,,明,あか,メイ,あか,bright,文明,ブンメイ,civilisation,Genki I,Lesson 11,,
kanji,N5,kanji,,明,あか,メイ,あか,bright,明るい,あかるい,cheerful / bright,Genki I,Lesson 11,,
kanji,N5,kanji,,明,あか,メイ,あか,bright,明日,あした,tomorrow,Genki I,Lesson 11,,
kanji,N5,kanji,,病,ビョウ,ビョウ,—,ill / sick,病院,ビョウイン,hospital,Genki I,Lesson 11,,
kanji,N5,kanji,,病,ビョウ,ビョウ,—,ill / sick,病気,ビョウキ,illness,Genki I,Lesson 11,,
kanji,N5,kanji,,病,ビョウ,ビョウ,—,ill / sick,持病,ジビョウ,chronic disease,Genki I,Lesson 11,,
kanji,N5,kanji,,院,イン,イン,—,institution,大学院,ダイガクイン,graduate school,Genki I,Lesson 11,,
kanji,N5,kanji,,院,イン,イン,—,institution,入院,ニュウイン,hospitalisation,Genki I,Lesson 11,,
kanji,N5,kanji,,映,うつ,エイ,うつ,to reflect,映画,エイガ,movie,Genki I,Lesson 11,,
kanji,N5,kanji,,映,うつ,エイ,うつ,to reflect,上映,ジョウエイ,screening (a movie),Genki I,Lesson 11,,
kanji,N5,kanji,,映,うつ,エイ,うつ,to reflect,映る,うつる,to be reflected,Genki I,Lesson 11,,
kanji,N5,kanji,,画,ガ,"ガ, カク",—,picture,画家,ガカ,painter,Genki I,Lesson 11,,
kanji,N5,kanji,,画,ガ,"ガ, カク",—,picture,画,カク,"stroke (of a kanji, etc.)",Genki I,Lesson 11,,
kanji,N5,kanji,,歌,うた,カ,うた,to sing,国歌,コッカ,national anthem,Genki I,Lesson 11,,
kanji,N5,kanji,,歌,うた,カ,うた,to sing,歌,うた,song,Genki I,Lesson 11,,
kanji,N5,kanji,,歌,うた,カ,うた,to sing,歌う,うたう,to sing,Genki I,Lesson 11,,
kanji,N5,kanji,,市,いち,シ,いち,city,川口市,かわぐちシ,Kawaguchi City,Genki I,Lesson 11,,
kanji,N5,kanji,,市,いち,シ,いち,city,市,いち,market / fair,Genki I,Lesson 11,,
kanji,N5,kanji,,市,いち,シ,いち,city,朝市,あさいち,morning market,Genki I,Lesson 11,,
kanji,N5,kanji,,所,ところ,"ジョ, ショ",ところ,place,近所,キンジョ,neighbourhood,Genki I,Lesson 11,,
kanji,N5,kanji,,所,ところ,"ジョ, ショ",ところ,place,住所,ジュウショ,address,Genki I,Lesson 11,,
kanji,N5,kanji,,所,ところ,"ジョ, ショ",ところ,place,いろいろな所,いろいろなところ,various places,Genki I,Lesson 11,,
kanji,N5,kanji,,勉,つと,ベン,つと,to make efforts,勉強する,ベンキョウする,to study,Genki I,Lesson 11,,
kanji,N5,kanji,,勉,つと,ベン,つと,to make efforts,勉める,つとめる,to try hard,Genki I,Lesson 11,,
kanji,N5,kanji,,強,つよ,"キョウ, ゴウ",つよ,strong,強大,キョウダイ,mighty / powerful,Genki I,Lesson 11,,
kanji,N5,kanji,,強,つよ,"キョウ, ゴウ",つよ,strong,強い,つよい,strong,Genki I,Lesson 11,,
kanji,N5,kanji,,有,あ,ユウ,あ,to exist,有名な,ユウメイな,famous,Genki I,Lesson 11,,
kanji,N5,kanji,,有,あ,ユウ,あ,to exist,有名人,ユウメイジン,celebrity,Genki I,Lesson 11,,
kanji,N5,kanji,,有,あ,ユウ,あ,to exist,有る,ある,to exist,Genki I,Lesson 11,,
kanji,N5,kanji,,旅,たび,リョ,たび,travel,旅行,リョコウ,travel,Genki I,Lesson 11,,
kanji,N5,kanji,,旅,たび,リョ,たび,travel,旅行会社,リョコウガイシャ,travel agent,Genki I,Lesson 11,,
kanji,N5,kanji,,旅,たび,リョ,たび,travel,旅,たび,travel / trip / journey,Genki I,Lesson 11,,
kanji,N5,kanji,,旅,たび,リョ,たび,travel,一人旅,ひとりたび,travelling alone,Genki I,Lesson 11,,
kanji,N5,kanji,,昔,むかし,—,むかし,ancient times,昔,むかし,old times,Genki I,Lesson 12,,
kanji,N5,kanji,,昔,むかし,—,むかし,ancient times,昔話,むかしばなし,old tale,Genki I,Lesson 12,,
kanji,N5,kanji,,昔,むかし,—,むかし,ancient times,大昔,おおむかし,ancient times,Genki I,Lesson 12,,
kanji,N5,kanji,,々,—,—,—,repetition mark,昔々,むかしむかし,once upon a time,Genki I,Lesson 12,,
kanji,N5,kanji,,々,—,—,—,repetition mark,人々,ひとびと,people,Genki I,Lesson 12,,
kanji,N5,kanji,,々,—,—,—,repetition mark,時々,ときどき,sometimes,Genki I,Lesson 12,,
kanji,N5,kanji,,々,—,—,—,repetition mark,色々な,いろいろな,various,Genki I,Lesson 12,,
kanji,N5,kanji,,神,かみ,"ジン, シン, コウ",かみ,God,神社,ジンジャ,Shinto shrine,Genki I,Lesson 12,,
kanji,N5,kanji,,神,かみ,"ジン, シン, コウ",かみ,God,神道,シントウ,Shinto religion,Genki I,Lesson 12,,
kanji,N5,kanji,,神,かみ,"ジン, シン, コウ",かみ,God,神々しい,こうごうしい,divine,Genki I,Lesson 12,,
kanji,N5,kanji,,神,かみ,"ジン, シン, コウ",かみ,God,神さま,かみさま,God,Genki I,Lesson 12,,
kanji,N5,kanji,,早,はや,ソウ,はや,early,早朝,ソウチョウ,early morning,Genki I,Lesson 12,,
kanji,N5,kanji,,早,はや,ソウ,はや,early,早い,はやい,early,Genki I,Lesson 12,,
kanji,N5,kanji,,早,はや,ソウ,はや,early,早起きする,はやおきする,to get up early,Genki I,Lesson 12,,
kanji,N5,kanji,,起,お,キ,お,to get up,起立する,キリツする,to stand up,Genki I,Lesson 12,,
kanji,N5,kanji,,起,お,キ,お,to get up,起きる,おきる,to get up,Genki I,Lesson 12,,
kanji,N5,kanji,,起,お,キ,お,to get up,起こす,おこす,to wake someone up,Genki I,Lesson 12,,
kanji,N5,kanji,,牛,うし,ギュウ,うし,cow,水牛,スイギュウ,water buffalo,Genki I,Lesson 12,,
kanji,N5,kanji,,牛,うし,ギュウ,うし,cow,牛,うし,cow,Genki I,Lesson 12,,
kanji,N5,kanji,,牛,うし,ギュウ,うし,cow,子牛,こうし,calf / veal,Genki I,Lesson 12,,
kanji,N5,kanji,,使,つか,シ,つか,to use,大使,タイシ,ambassador,Genki I,Lesson 12,,
kanji,N5,kanji,,使,つか,シ,つか,to use,使う,つかう,to use,Genki I,Lesson 12,,
kanji,N5,kanji,,使,つか,シ,つか,to use,お使い,おつかい,errand,Genki I,Lesson 12,,
kanji,N5,kanji,,働,はたら,ドウ,はたら,to work,働く,はたらく,to work,Genki I,Lesson 12,,
kanji,N5,kanji,,連,つ,レン,つ,to link,連休,レンキュウ,consecutive holidays,Genki I,Lesson 12,,
kanji,N5,kanji,,連,つ,レン,つ,to link,国連,コクレン,United Nations,Genki I,Lesson 12,,
kanji,N5,kanji,,連,つ,レン,つ,to link,連れてくる,つれてくる,to bring (a living thing),Genki I,Lesson 12,,
kanji,N5,kanji,,別,わか,ベツ,わか,to separate,別に,ベツに,not in particular,Genki I,Lesson 12,,
kanji,N5,kanji,,別,わか,ベツ,わか,to separate,別々に,ベツベツに,separately,Genki I,Lesson 12,,
kanji,N5,kanji,,別,わか,ベツ,わか,to separate,別れる,わかれる,to break up / to separate,Genki I,Lesson 12,,
kanji,N5,kanji,,度,ド,ド,—,time / degrees,一度,いちド,once,Genki I,Lesson 12,,
kanji,N5,kanji,,度,ド,ド,—,time / degrees,今度,コンド,near future,Genki I,Lesson 12,,
kanji,N5,kanji,,度,ド,ド,—,time / degrees,三十度,サンジュウド,30 degrees,Genki I,Lesson 12,,
kanji,N5,kanji,,赤,あか,セキ,あか,red,赤道,セキドウ,the equator,Genki I,Lesson 12,,
kanji,N5,kanji,,赤,あか,セキ,あか,red,赤,あか,red colour,Genki I,Lesson 12,,
kanji,N5,kanji,,赤,あか,セキ,あか,red,赤い,あかい,red,Genki I,Lesson 12,,
kanji,N5,kanji,,赤,あか,セキ,あか,red,赤ちゃん,あかちゃん,baby,Genki I,Lesson 12,,
kanji,N5,kanji,,青,あお,セイ,あお,blue,青年,セイネン,youth,Genki I,Lesson 12,,
kanji,N5,kanji,,青,あお,セイ,あお,blue,青,あお,blue colour,Genki I,Lesson 12,,
kanji,N5,kanji,,青,あお,セイ,あお,blue,青い,あおい,blue,Genki I,Lesson 12,,
kanji,N5,kanji,,色,いろ,"シキ, ショク",いろ,colour,色紙,シキシ,"square fancy cardboard (for autographs, poetry, etc.)",Genki I,Lesson 12,,
kanji,N5,kanji,,色,いろ,"シキ, ショク",いろ,colour,一色,イッショク,one colour,Genki I,Lesson 12,,
kanji,N5,kanji,,色,いろ,"シキ, ショク",いろ,colour,色,いろ,colour,Genki I,Lesson 12,,
