type,level,skill,topics,japanese,reading,meaning,explanation,formation,example,example_reading,example_meaning,related_vocabulary,related_kanji,source,source_ref,tags,notes
grammar,N4,grammar,te-form-extensions,〜てから,てから,"""After doing"" (sequence, emphasizes completion first)","てから emphasizes that the first action is fully completed before the second begins, making it more emphatic about sequence than a plain て form linking two verbs — compare 起きて、顔を洗います (simple sequence) with 起きてから、顔を洗います (only after waking up).",Verb て form + から,宿題をしてから、テレビを見ます。,しゅくだいをしてから、てれびをみます。,"After doing my homework, I watch TV.",テレビ;宿題,宿;題;見,Try! N4,Unit 8,n4-grammar,Emphasizes that the first action must finish before the next.
grammar,N4,grammar,te-form-extensions,〜前に,まえに,"""Before doing""","前に always takes the dictionary (plain non-past) form of the verb, even when the whole sentence describes a past event, because it marks a fixed relationship between two actions, not the tense of the sentence — 寝る前に本を読みました uses 寝る, not 寝た.",Verb (dictionary form) + 前に,寝る前に、歯を磨きます。,ねるまえに、はをみがきます。,"Before sleeping, I brush my teeth.",寝る,前;歯,Compiled from standard JLPT grammar references; cross-check against Genki/Minna no Nihongo/Bunpro recommended,,,The verb stays in dictionary form even for past events.
grammar,N4,grammar,te-form-extensions,〜間に,あいだに,"""While, during"" (a one-time event happens within a period)","間に marks a short, one-time event occurring at some point within a longer background period. The key test: did the main action happen briefly during the period, or would it be odd to say it lasted the whole time? If brief, use 間に, not 間.",Verb (ている/dictionary) + 間に,母が寝ている間に、料理をしました。,ははがねているあいだに、りょうりをしました。,"While my mother was sleeping, I cooked.",料理,母;間;料,Compiled from standard JLPT grammar references; cross-check against Genki/Minna no Nihongo/Bunpro recommended,,,Marks a single event happening within a period.
grammar,N4,grammar,te-form-extensions,〜間,あいだ,"""While"" (both actions last the whole period)","間 (without に) means both actions span the same length of time throughout. Testing whether your action is a ""point"" (間に) or an ongoing ""duration"" (間) is one of the trickiest N4 distinctions.",Verb (ている) + 間,母が寝ている間、テレビを見ました。,ははがねているあいだ、てれびをみました。,"While my mother was sleeping, I watched TV the whole time.",テレビ,母;間;見,Compiled from standard JLPT grammar references; cross-check against Genki/Minna no Nihongo/Bunpro recommended,,,"Contrast with 間に, which marks a single event."
grammar,N4,grammar,te-form-extensions,〜てしまう,てしまう,"Completion, often with a nuance of regret","てしまう often carries a nuance of regret, surprise, or an unintentional/uncontrollable action, though with achievement verbs it can simply emphasize thorough completion without any negative feeling — tone and context determine which reading applies.",Verb て form + しまう,宿題を忘れてしまいました。,しゅくだいをわすれてしまいました。,I ended up forgetting my homework.,宿題,宿;題,Compiled from standard JLPT grammar references; cross-check against Genki/Minna no Nihongo/Bunpro recommended,,,Casual contraction: 〜ちゃう／〜じゃう。
grammar,N4,grammar,te-form-extensions,〜ておく,ておく,Do something in advance / leave something as is,"おく carries two related meanings: preparing something in advance for future benefit (準備しておきます) and deliberately leaving something in its current state (窓を開けておきます) — both share the idea of a deliberate, future-oriented choice.",Verb て form + おく,飲み物を買っておきます。,のみものをかっておきます。,I'll buy drinks in advance.,飲み物;おき,飲;物,Compiled from standard JLPT grammar references; cross-check against Genki/Minna no Nihongo/Bunpro recommended,,,Casual contraction: 〜とく。
grammar,N4,grammar,te-form-extensions,〜てみる,てみる,"""Try doing""","てみる always implies an attempt whose outcome isn't yet known — 食べてみます specifically frames the act as an experiment or trial, which is why it pairs naturally with new experiences.",Verb て form + みる,この料理を食べてみます。,このりょうりをたべてみます。,I'll try eating this dish.,この;料理,料;食,Compiled from standard JLPT grammar references; cross-check against Genki/Minna no Nihongo/Bunpro recommended,,,Implies trying something for the first time.
grammar,N4,grammar,te-form-extensions,〜てくる,てくる,"Change occurring over time, moving toward the speaker/now","てくる can describe literal motion toward the speaker, a change unfolding up to the present moment (寒くなってきました, it has gotten cold and continues), or an action begun in the past continuing to now — the metaphorical ""toward now/here"" sense is trickiest for learners.",Verb て form + くる,雨が降ってきました。,あめがふってきました。,It has started raining.,,,Compiled from standard JLPT grammar references; cross-check against Genki/Minna no Nihongo/Bunpro recommended,,,"Also used literally: ""do and come back."""
grammar,N4,grammar,te-form-extensions,〜ていく,ていく,"Change occurring over time, moving away from the speaker/now","ていく mirrors てくる but points away from the speaker/present moment instead — for change verbs, it frames a trend continuing into the future (寒くなっていきます), the mirror image of てくる's ""up to now.""",Verb て form + いく,これから寒くなっていきます。,これからさむくなっていきます。,It's going to get colder from now on.,これから;これ,寒,Compiled from standard JLPT grammar references; cross-check against Genki/Minna no Nihongo/Bunpro recommended,,,"Also used literally: ""do and go."""
grammar,N4,grammar,te-form-extensions,〜ながら,ながら,"""While doing"" (two simultaneous actions by the same person)","ながら requires both actions to be done by the same single subject at the same time, with the second verb being the main, focused action. It cannot be used when two different people are doing two different simultaneous things.",Verb stem + ながら,音楽を聞きながら勉強します。,おんがくをききながらべんきょうします。,I study while listening to music.,勉強;音楽,聞;勉,Compiled from standard JLPT grammar references; cross-check against Genki/Minna no Nihongo/Bunpro recommended,,,The main action is the second verb.
grammar,N4,grammar,giving-receiving,あげる,あげる,"""Give"" (speaker/in-group gives to someone else)","あげる can feel slightly presumptuous toward someone of higher status, since it frames the act as ""doing someone a favor."" さしあげる is the humble version for social superiors; やる is a rougher casual version for plants, animals, or clear subordinates.",Noun + をあげる,友達にプレゼントをあげました。,ともだちにぷれぜんとをあげました。,I gave my friend a present.,プレゼント;友達,友,Compiled from standard JLPT grammar references; cross-check against Genki/Minna no Nihongo/Bunpro recommended,,,Not used when the receiver is the speaker.
grammar,N4,grammar,giving-receiving,くれる,くれる,"""Give"" (someone gives to the speaker/in-group)","くれる is the mirror image of あげる — the direction of benefit always flows toward the speaker or their in-group, which is why the giver, not the receiver, is the grammatical subject. くださる is the polite counterpart from a superior.",Noun + をくれる,友達が私にプレゼントをくれました。,ともだちがわたしにぷれぜんとをくれました。,My friend gave me a present.,プレゼント;友達,友;私,Compiled from standard JLPT grammar references; cross-check against Genki/Minna no Nihongo/Bunpro recommended,,,The giver's perspective is reversed compared to あげる。
grammar,N4,grammar,giving-receiving,もらう,もらう,"""Receive""","Unlike あげる/くれる, もらう keeps the receiver (often the speaker) as the subject regardless of direction, and the giver is marked with に or から. いただく is the humble equivalent used when receiving from someone of higher status.",Noun + をもらう,友達にプレゼントをもらいました。,ともだちにぷれぜんとをもらいました。,I received a present from my friend.,プレゼント;友達,友,Compiled from standard JLPT grammar references; cross-check against Genki/Minna no Nihongo/Bunpro recommended,,,The giver is marked with に or から。
grammar,N4,grammar,giving-receiving,〜てあげる・てくれる・てもらう,てあげる・てくれる・てもらう,Benefactive forms: doing an action as a favor,"Attaching these to the て-form extends the giver/receiver logic to actions done as favors rather than physical objects — 手伝ってくれた (helped me, as a favor) carries real gratitude nuance that a plain 手伝った lacks.",Verb て form + あげる/くれる/もらう,友達が手伝ってくれました。,ともだちがてつだってくれました。,My friend helped me (as a favor).,友達,友,Compiled from standard JLPT grammar references; cross-check against Genki/Minna no Nihongo/Bunpro recommended,,,The direction of the favor follows the same logic as あげる/くれる/もらう。
grammar,N4,grammar,conditionals,〜と,と,"""When/if"" (natural, automatic consequence)","と describes an automatic, mechanical, or habitual cause-and-effect relationship and cannot be followed by a command, request, invitation, or expression of will in the result clause — this rules out sentences like 春になると旅行しましょう, which needs たら instead.",Verb/Adj (plain) + と,春になると、暖かくなります。,はるになると、あたたかくなります。,"When spring comes, it gets warm.",なる,,Compiled from standard JLPT grammar references; cross-check against Genki/Minna no Nihongo/Bunpro recommended,,,Cannot be followed by a volitional or command in the result clause.
grammar,N4,grammar,conditionals,〜ば,ば,"""If"" (general hypothetical condition)","ば works well for general truths, proverbs, and hypotheticals focused on the condition itself, and traditionally shares と's restriction against volitional results, though modern usage relaxes this when the subjects of condition and result differ. Of the four, ば feels the most literary.",Verb/Adj ば form,お金があれば、旅行します。,おかねがあれば、りょこうします。,"If I have money, I'll travel.",旅行;あれ;お金,金;旅;行,Compiled from standard JLPT grammar references; cross-check against Genki/Minna no Nihongo/Bunpro recommended,,,Often used for general truths and proverbs.
grammar,N4,grammar,conditionals,〜たら,たら,"""If/when"" (general, common in speech)","たら is the most flexible and widely used conditional in everyday speech, covering hypothetical, definite future, and single completed past-triggered events, and unlike と/ば it freely allows commands and invitations in the result clause — when unsure which conditional to use, たら is usually safe.",Verb/Adj た form + ら,雨が降ったら、行きません。,あめがふったら、いきません。,"If it rains, I won't go.",,行,Compiled from standard JLPT grammar references; cross-check against Genki/Minna no Nihongo/Bunpro recommended,,,The most flexible and commonly used conditional.
grammar,N4,grammar,conditionals,〜なら,なら,"""If it's the case that"" (responds to a topic already mentioned)","なら is unique because it responds to a topic the listener has just raised, commenting on the premise itself rather than predicting a future consequence — 日本に行くなら means ""given you're talking about going to Japan, [here's my advice],"" which is why advice pairs so naturally with なら.",Noun/Verb (plain) + なら,日本に行くなら、京都がおすすめです。,にほんにいくなら、きょうとがおすすめです。,"If you're going to Japan, I recommend Kyoto.",行く,日;行;都,Compiled from standard JLPT grammar references; cross-check against Genki/Minna no Nihongo/Bunpro recommended,,,"Comments on the premise itself, not a future event."
grammar,N4,grammar,conditionals,〜ても,ても,"""Even if""","ても is the concessive counterpart to the other conditionals — instead of ""if X, then Y,"" it says ""even in the case of X, Y still holds,"" directly countering an assumption the listener might have (雨が降っても行きます counters the assumption that rain would stop the plan).",Verb て form + も,雨が降っても、行きます。,あめがふっても、いきます。,"Even if it rains, I'll go.",,行,Compiled from standard JLPT grammar references; cross-check against Genki/Minna no Nihongo/Bunpro recommended,,,Negative counterpart: 〜なくても (even if not)。
grammar,N4,grammar,verb-forms,可能形,かのうけい,"Potential form, ""can do"" (built into the verb itself)","The potential form is more natural and common in speech than ことができます, and once formed it always conjugates like an ichidan verb afterward regardless of the original group. Note the object particle often shifts from を to が (漢字が読めます).",Godan: e-stem+る／Ichidan: stem+られる／する→できる／来る→来られる,漢字が読めます。,かんじがよめます。,I can read kanji.,漢字,漢,Compiled from standard JLPT grammar references; cross-check against Genki/Minna no Nihongo/Bunpro recommended,,,More natural in speech than ことができます。
grammar,N4,grammar,passive,受身形,うけみけい,Passive voice,"Beyond ""was done to,"" Japanese passive has a distinctive ""adversity passive"" (迷惑の受身) used even with intransitive verbs to show the speaker was negatively affected, such as 雨に降られました (I got rained on, inconveniently) — an emotional nuance with no direct English equivalent.",Godan: a-stem+れる／Ichidan: stem+られる／する→される／来る→来られる,先生に褒められました。,せんせいにほめられました。,I was praised by the teacher.,先生,先;生,Compiled from standard JLPT grammar references; cross-check against Genki/Minna no Nihongo/Bunpro recommended,,,Also expresses being negatively affected: 財布を盗まれました。
grammar,N4,grammar,causative,使役形,しえきけい,"Causative, ""make/let someone do""","Context determines whether causative means ""force someone to do something"" or ""allow/let someone do something."" The ""let"" meaning commonly appears with てあげる/てくれる/てもらう, as in 子供に遊ばせてあげました (I let my child play, as a kindness).",Godan: a-stem+せる／Ichidan: stem+させる／する→させる／来る→来させる,子供に野菜を食べさせます。,こどもにやさいをたべさせます。,I make my child eat vegetables.,子供;野菜,子;食,Compiled from standard JLPT grammar references; cross-check against Genki/Minna no Nihongo/Bunpro recommended,,,"Can mean either ""force"" or ""let,"" depending on context."
grammar,N4,grammar,causative,使役受身形,しえきうけみけい,"Causative-passive, ""be made to do""","This combines causative and passive to express ""being made to do something against one's will,"" almost always used when the speaker feels put-upon, unlike the neutral or willing ""let"" sense of the plain causative.",Godan: a-stem+せられる(される)／Ichidan: stem+させられる,宿題をさせられました。,しゅくだいをさせられました。,I was made to do homework.,宿題,宿;題,Compiled from standard JLPT grammar references; cross-check against Genki/Minna no Nihongo/Bunpro recommended,,,Godan verbs often contract せられる to される。
grammar,N4,grammar,honorific,尊敬語（基本動詞）,そんけいご（きほんどうし）,Basic respectful verbs for someone else's actions,"A handful of extremely common verbs (行く/来る/いる→いらっしゃる、食べる/飲む→召し上がる、言う→おっしゃる、する→なさる) have entirely separate honorific vocabulary, taking priority over れる/られる or お+stem+になる when talking about someone of higher status.","Special verb forms (いらっしゃる、召し上がる, etc.)",先生はもう帰られました。,せんせいはもうかえられました。,The teacher has already gone home.,先生;もう,先;生,Compiled from standard JLPT grammar references; cross-check against Genki/Minna no Nihongo/Bunpro recommended,,,Special verbs exist for common actions like 行く/来る/食べる。
grammar,N4,grammar,honorific,謙譲語（基本動詞）,けんじょうご（きほんどうし）,Basic humble verbs for the speaker's own actions,"Mirror image of 尊敬語 — special humble verbs (行く/来る→参る、する→いたす、言う→申す、見る→拝見する、もらう→いただく) lower the speaker's own actions to elevate the listener, typically reserved for formal, business, or service contexts.","Special verb forms (いたす、申す, etc.)",私が荷物をお持ちいたします。,わたしがにもつをおもちいたします。,I will carry the luggage (humbly).,荷物,私;荷;物;持,Compiled from standard JLPT grammar references; cross-check against Genki/Minna no Nihongo/Bunpro recommended,,,Lowers the speaker to show respect toward the listener.
grammar,N4,grammar,conjecture,〜そうです（伝聞）,そうです（でんぶん）,"Hearsay: ""I heard that...""","This hearsay そうです attaches to the full plain form (verb/adjective/noun+だ) and reports what the speaker heard elsewhere, without commenting on their own confidence — easy to confuse with the visual そうです below, which attaches to a stem instead.",Verb/Adj (plain) + そうです,天気予報によると、明日は雨だそうです。,てんきよほうによると、あしたはあめだそうです。,"According to the weather forecast, it will rain tomorrow.",天気予報;そうです;明日;天気;そう,明;日,Compiled from standard JLPT grammar references; cross-check against Genki/Minna no Nihongo/Bunpro recommended,,,The source is often marked with によると。
grammar,N4,grammar,conjecture,〜そうです（様態）,そうです（ようたい）,"Visual conjecture, ""looks like""","This visual そうです is based on the speaker's own direct sensory impression and attaches to a stem, not the plain form — 雨が降りそうです (looks like rain, from the sky) contrasts sharply with 雨が降るそうです (I heard it'll rain, hearsay) despite differing by one letter.",Verb stem/Adj stem + そうです,このケーキはおいしそうです。,このけーきはおいしそうです。,This cake looks delicious.,そうです;ケーキ;この;そう,,Compiled from standard JLPT grammar references; cross-check against Genki/Minna no Nihongo/Bunpro recommended,,,"いい becomes よさそう, an irregular change."
grammar,N4,grammar,conjecture,〜ようです,ようです,"Conjecture based on evidence, ""it seems""","ようです is based on the speaker's own reasoning or indirect evidence, giving it a more personal, subjective feel than らしいです, which leans on external information or general reputation. It's also considered a bit more polite/literary than the casual みたいです。",Verb/Adj (plain) + ようです,誰か来たようです。,だれかきたようです。,It seems someone has come.,誰か,来,Compiled from standard JLPT grammar references; cross-check against Genki/Minna no Nihongo/Bunpro recommended,,,A more subjective/personal impression than らしい。
grammar,N4,grammar,conjecture,〜らしいです,らしいです,"Hearsay/typical trait, ""apparently, typical of""","らしいです is grounded in something the speaker heard or knows to be generally true, carrying a slightly more detached ""so I'm told"" feel than the personally-reasoned ようです。 Separately, らしい directly on a noun (男らしい) means ""typical of,"" an unrelated but related-looking use.",Verb/Adj/Noun (plain) + らしいです,田中さんは来ないらしいです。,たなかさんはこないらしいです。,"Apparently, Mr. Tanaka isn't coming.",ない;さん,田;中;来,Compiled from standard JLPT grammar references; cross-check against Genki/Minna no Nihongo/Bunpro recommended,,,"Also means ""typical of,"" e.g., 男らしい (manly)。"
grammar,N4,grammar,conjecture,〜でしょう,でしょう,"Probability, ""probably""","でしょう expresses the speaker's own prediction with fairly high confidence, and with rising intonation becomes a soft way of seeking agreement (""...right?"") rather than stating a guess — the function depends entirely on intonation in speech.",Verb/Adj/Noun (plain) + でしょう,明日は晴れるでしょう。,あしたははれるでしょう。,It will probably be sunny tomorrow.,晴れる;明日;晴れ,明;日,Compiled from standard JLPT grammar references; cross-check against Genki/Minna no Nihongo/Bunpro recommended,,,"Rising intonation turns it into a soft question, ""right?"""
grammar,N4,grammar,conjecture,〜かもしれません,かもしれません,"Possibility, ""might, may""","かもしれません signals genuinely uncertain possibility, weaker than でしょう, and unlike the other conjecture forms, doesn't require any particular evidence or reasoning behind it — it can be a pure guess with no basis at all.",Verb/Adj/Noun (plain) + かもしれません,明日は雨かもしれません。,あしたはあめかもしれません。,It might rain tomorrow.,明日;もし,明;日,Compiled from standard JLPT grammar references; cross-check against Genki/Minna no Nihongo/Bunpro recommended,,,Weaker certainty than でしょう。
grammar,N4,grammar,conjecture,〜はずです,はずです,"Expectation based on reason, ""should be""","はずです isn't a guess — it expresses strong logical expectation based on known facts or reasoning (""it stands to reason that...""), which is why it sounds surprised when reality contradicts it (もう着いているはずなのに, they should have already arrived...).",Verb/Adj/Noun (plain) + はずです,田中さんはもう着いているはずです。,たなかさんはもうついているはずです。,Mr. Tanaka should have already arrived.,はず;さん;もう,田;中;着,Compiled from standard JLPT grammar references; cross-check against Genki/Minna no Nihongo/Bunpro recommended,,,"Expresses strong logical expectation, not simple guessing."
grammar,N4,grammar,obligation,〜なければなりません,なければなりません,"""Must do""","Literally ""if [I] don't do X, it won't do"" — this double-negative construction is why it looks complex, but functionally it's simply the standard, formal way to state an obligation. なければいけません is a near-synonymous alternative.",Verb ない form (drop い) + ければなりません,明日、早く起きなければなりません。,あした、はやくおきなければなりません。,I must get up early tomorrow.,明日,明;日;起,Eigen,,,Casual contraction: 〜なきゃ。
grammar,N4,grammar,obligation,〜なくてもいいです,なくてもいいです,"""Don't have to do""","The negative counterpart of てもいいです (""even if [I] don't do X, it's fine""), following the same logic — the standard way to release someone from an expectation they might otherwise assume applies.",Verb ない form (drop い) + くてもいいです,明日は行かなくてもいいです。,あしたはいかなくてもいいです。,I don't have to go tomorrow.,明日;いい,明;日;行,Compiled from standard JLPT grammar references; cross-check against Genki/Minna no Nihongo/Bunpro recommended,,,The opposite of なければなりません。
grammar,N4,grammar,obligation,〜たほうがいいです,たほうがいいです,"""Had better do"" (advice)","This is advice, not obligation, so it's noticeably softer than なければなりません — said too bluntly, especially to someone you don't know well, it can still come across as a strong opinion, so speakers often soften it with かもしれません or んじゃないですか。",Verb た form + ほうがいいです,もっと野菜を食べたほうがいいです。,もっとやさいをたべたほうがいいです。,You'd better eat more vegetables.,もっと;野菜;いい,食,Compiled from standard JLPT grammar references; cross-check against Genki/Minna no Nihongo/Bunpro recommended,,,Can sound direct; soften with かもしれません when unsure.
grammar,N4,grammar,obligation,〜ないほうがいいです,ないほうがいいです,"""Had better not do"" (advice)","The negative advice counterpart, built on the ない形 rather than the た形 used in the affirmative — a subtle but important base-form distinction between the positive and negative versions of this pattern.",Verb ない form + ほうがいいです,お酒を飲みすぎないほうがいいです。,おさけをのみすぎないほうがいいです。,You'd better not drink too much.,お酒;ない;すぎ;いい,酒;飲,Compiled from standard JLPT grammar references; cross-check against Genki/Minna no Nihongo/Bunpro recommended,,,The negative counterpart of たほうがいいです。
grammar,N4,grammar,intention,〜つもりです,つもりです,"""Intend to"" (personal plan)","つもりです states the speaker's own settled intention and can sound blunt or accusatory used to ask about someone else's plans directly (何をするつもりですか can sound like ""what exactly do you intend to do?"") — 予定 is often safer for neutral questions.",Verb (dictionary form) + つもりです,来年、留学するつもりです。,らいねん、りゅうがくするつもりです。,I intend to study abroad next year.,つもり;来年;する,来;年;学,Compiled from standard JLPT grammar references; cross-check against Genki/Minna no Nihongo/Bunpro recommended,,,"Negative: 〜ないつもりです (""intend not to"")。"
grammar,N4,grammar,intention,〜予定です,よていです,"""Scheduled to"" (more formal/fixed plan)","予定です describes a scheduled, often externally fixed plan rather than personal resolve, making it neutral and safe when asking about someone else's schedule, unlike the more personal-sounding つもりです。",Verb (dictionary form) + 予定です,来週、東京へ行く予定です。,らいしゅう、とうきょうへいくよていです。,I'm scheduled to go to Tokyo next week.,来週;予定;行く,来;週;東;行;定,Compiled from standard JLPT grammar references; cross-check against Genki/Minna no Nihongo/Bunpro recommended,,,More formal and fixed than つもりです。
grammar,N4,grammar,intention,〜（よ）うと思います,（よ）うとおもいます,"""I've decided I'll try to..."" (volitional + think)","This softens a decision by framing it as something the speaker is currently leaning toward, rather than a firm commitment like つもりです — commonly used announcing a fresh decision in the moment; と思っています implies the decision has been held for a while already.",Verb volitional form + と思います,来年、日本語を勉強しようと思います。,らいねん、にほんごをべんきょうしようとおもいます。,I'm thinking I'll study Japanese next year.,勉強;来年,来;年;日;語;勉,Compiled from standard JLPT grammar references; cross-check against Genki/Minna no Nihongo/Bunpro recommended,,,Softer and more tentative than つもりです。
grammar,N4,grammar,intention,〜ことにする,ことにする,"""Decide to"" (speaker's own decision)","ことにする frames the decision as actively chosen by the speaker's own will, even for small everyday choices (毎日運動することにしました) — the resulting decision is typically ongoing/habitual rather than a one-off action.",Verb (dictionary/ない form) + ことにする,毎日運動することにしました。,まいにちうんどうすることにしました。,I decided to exercise every day.,運動;する;毎日,日;運;動,Compiled from standard JLPT grammar references; cross-check against Genki/Minna no Nihongo/Bunpro recommended,,,"Emphasizes an active, personal decision."
grammar,N4,grammar,intention,〜ことになる,ことになる,"""It has been decided that..."" (external/circumstantial decision)","ことになる deliberately avoids naming who made the decision, which is why it's natural for decisions made by circumstances, a company, or another authority rather than the speaker — using ことにする here would incorrectly claim personal agency over someone else's decision.",Verb (dictionary/ない form) + ことになる,来月、大阪に転勤することになりました。,らいげつ、おおさかにてんきんすることになりました。,It has been decided that I'll transfer to Osaka next month.,する;来月,来;月;大;転,Compiled from standard JLPT grammar references; cross-check against Genki/Minna no Nihongo/Bunpro recommended,,,Implies the decision was made by others or circumstances.
grammar,N4,grammar,change-of-state,〜くなる・になる,くなる・になる,"""Become"" (change in an adjective or noun state)","This simply extends adjective conjugation logic to describe change over time rather than a static state — く for い-adjectives, に for な-adjectives/nouns, following the exact same pattern as adverb formation.",い-Adj stem+くなる／な-Adj/Noun+になる,日本語が上手になりました。,にほんごがじょうずになりました。,I have become good at Japanese.,上手,日;語;上,Compiled from standard JLPT grammar references; cross-check against Genki/Minna no Nihongo/Bunpro recommended,,,"い-adjectives use く, な-adjectives/nouns use に。"
grammar,N4,grammar,change-of-state,〜ようになる,ようになる,"""Come to do"" (change in ability or habit)","ようになる specifically marks a gradual shift in ability or habit that emerged over time, distinct from a single instant of change — 漢字が読めるようになりました emphasizes the gradual process, not one moment.",Verb (dictionary/potential form) + ようになる,漢字が読めるようになりました。,かんじがよめるようになりました。,I have come to be able to read kanji.,漢字,漢,Compiled from standard JLPT grammar references; cross-check against Genki/Minna no Nihongo/Bunpro recommended,,,"Marks a gradual change over time, not a single event."
grammar,N4,grammar,change-of-state,〜くする・にする,くする・にする,"""Make (something into)""","This is the causative counterpart of くなる/になる — instead of something changing on its own, someone actively makes it change, following the same く/に split based on adjective type.",い-Adj stem+くする／な-Adj/Noun+にする,部屋をきれいにしました。,へやをきれいにしました。,I made the room clean.,部屋,部;屋,Compiled from standard JLPT grammar references; cross-check against Genki/Minna no Nihongo/Bunpro recommended,,,The causative counterpart of くなる/になる。
grammar,N4,grammar,experience,〜たことがあります,たことがあります,"""Have done (before)"", experience","This describes experience at any point in an unspecified past and shouldn't be used for something that happened at a specific, recently-known time (use the plain past tense for that instead) — it answers ""have you ever,"" not ""did you.""",Verb た form + ことがあります,富士山に登ったことがあります。,ふじさんにのぼったことがあります。,I have climbed Mt. Fuji before.,,山;登,Compiled from standard JLPT grammar references; cross-check against Genki/Minna no Nihongo/Bunpro recommended,,,"Negative 〜たことがありません means ""have never done."""
grammar,N4,grammar,experience,〜たり〜たりします,たり〜たりします,Lists representative actions among others,"たり always appears at least twice (or with ""and so on"" implied after the last) to list a few representative activities among possibly many others, and pairs naturally with 週末は、休みの日は — using only one たり sounds incomplete.",Verb た form + り (repeated) + します,週末は本を読んだり、映画を見たりします。,しゅうまつはほんをよんだり、えいがをみたりします。,"On weekends, I do things like read books and watch movies.",映画,週;見,Compiled from standard JLPT grammar references; cross-check against Genki/Minna no Nihongo/Bunpro recommended,,,"Implies that other, unlisted activities also happen."
grammar,N4,grammar,experience,〜ことがあります,ことがあります,"""Sometimes happens/do""","Don't confuse this present-tense ことがあります (occasional occurrence, ""sometimes happens"") with the past-tense たことがあります (experience, ""have done before"") — the difference is entirely in whether the preceding verb is dictionary form or た form.",Verb (dictionary form) + ことがあります,たまに寝坊することがあります。,たまにねぼうすることがあります。,I sometimes oversleep.,たまに;寝坊;する,,Compiled from standard JLPT grammar references; cross-check against Genki/Minna no Nihongo/Bunpro recommended,,,Different from たことがある (past experience) — this is about occasional occurrence.
grammar,N4,grammar,extent-degree,〜すぎる,すぎる,"""Too much""","すぎる attaches to a stem (verb stem, or adjective stem with the final い/だ dropped) and always implies the amount crossed from ""enough"" into ""too much,"" carrying a negative or excessive nuance even when the underlying quality is normally positive.",Verb stem/Adj stem + すぎる,食べすぎました。,たべすぎました。,I ate too much.,すぎ,食,Compiled from standard JLPT grammar references; cross-check against Genki/Minna no Nihongo/Bunpro recommended,,,い-adjectives drop the final い before すぎる。
grammar,N4,grammar,extent-degree,〜やすい,やすい,"""Easy to do""","やすい conjugates exactly like a normal い-adjective (やすかったです、やすくないです) and describes ease from a general or objective standpoint, not necessarily the speaker's personal preference.",Verb stem + やすい,この漢字は覚えやすいです。,このかんじはおぼえやすいです。,This kanji is easy to remember.,やすい;この;漢字,漢,Compiled from standard JLPT grammar references; cross-check against Genki/Minna no Nihongo/Bunpro recommended,,,Conjugates like a normal い-adjective.
grammar,N4,grammar,extent-degree,〜にくい,にくい,"""Hard to do""","The direct negative counterpart of やすい, describing something inherently difficult to do, following the same い-adjective conjugation pattern.",Verb stem + にくい,この漢字は書きにくいです。,このかんじはかきにくいです。,This kanji is hard to write.,にくい;この;漢字,漢,Compiled from standard JLPT grammar references; cross-check against Genki/Minna no Nihongo/Bunpro recommended,,,"The opposite of やすい, with the same conjugation pattern."
grammar,N4,grammar,extent-degree,〜くらい・ほど,くらい・ほど,"""To the extent that""","Beyond rough quantity estimates, くらい/ほど can express degree through a vivid comparison (""to the extent that...""), often with an exaggerated example, as in 泣きたいくらい嬉しい — ほど tends to sound slightly more formal/written than くらい in this usage.",Noun/Clause + くらい/ほど,泣きたいくらい嬉しいです。,なきたいくらいうれしいです。,I'm so happy I could cry.,くらい;嬉しい;いくら,,Compiled from standard JLPT grammar references; cross-check against Genki/Minna no Nihongo/Bunpro recommended,,,Also used for rough amounts: 一時間くらい。
grammar,N4,grammar,comparison,〜より〜のほうが,より〜のほうが,"Comparative, ""more ~ than ~""","The item being favored/compared always sits directly before のほうが, while より marks the item compared against — Japanese comparison structure works essentially in reverse order compared to English ""more X than Y.""",A より B のほうが + Adj,電車よりバスのほうが安いです。,でんしゃよりばすのほうがやすいです。,The bus is cheaper than the train.,バス;電車;安い,電;車;安,Compiled from standard JLPT grammar references; cross-check against Genki/Minna no Nihongo/Bunpro recommended,,,The favored/compared item comes right before のほうが。
grammar,N4,grammar,comparison,〜の中で一番,のなかでいちばん,"Superlative, ""the most ~ among ~""","一番 must sit directly in front of the adjective or verb it modifies, and the group compared within is marked by の中で (""among/within"") — for comparing just two things, use より〜のほうが instead of a superlative.",Group + の中で一番 + Adj,家族の中で父が一番背が高いです。,かぞくのなかでちちがいちばんせがたかいです。,"Among my family, my father is the tallest.",一番;高い;家族,族;中;父;一,Compiled from standard JLPT grammar references; cross-check against Genki/Minna no Nihongo/Bunpro recommended,,,一番 always comes directly before the adjective.
grammar,N4,grammar,comparison,〜ほど〜ない,ほど〜ない,"""Not as ~ as ~""","This states that A falls short of B on some scale, always paired with a negative predicate — unlike より〜のほうが, which actively ranks two things, ほど〜ない focuses on the gap rather than which one wins.",A は B ほど + Adj (negative),今日は昨日ほど寒くないです。,きょうはきのうほどさむくないです。,Today is not as cold as yesterday.,ない;昨日;今日,今;日;寒,Compiled from standard JLPT grammar references; cross-check against Genki/Minna no Nihongo/Bunpro recommended,,,Always paired with a negative predicate.
grammar,N4,grammar,quotation,〜と言いました,といいました,"Reported speech, ""said that...""","The quoted clause keeps its own original tense and plain form regardless of when the reporting sentence is set, and と can quote either direct speech or, more commonly at this level, indirect/reported speech without a direct quote.",Sentence (plain) + と言いました,田中さんは明日来ると言いました。,たなかさんはあしたくるといいました。,Mr. Tanaka said he would come tomorrow.,明日;さん;来る,田;中;明;日;来,Compiled from standard JLPT grammar references; cross-check against Genki/Minna no Nihongo/Bunpro recommended,,,The quoted clause stays in plain form.
grammar,N4,grammar,quotation,〜と思います,とおもいます,"""I think that...""","と思います softens an opinion or prediction, the standard, humble way Japanese speakers state their own views rather than asserting flat fact — omitting it entirely can sound unnecessarily blunt or overconfident in many everyday contexts.",Sentence (plain) + と思います,明日は雨だと思います。,あしたはあめだとおもいます。,I think it will rain tomorrow.,明日,明;日,Compiled from standard JLPT grammar references; cross-check against Genki/Minna no Nihongo/Bunpro recommended,,,Softer and more common than a direct assertion.
grammar,N4,grammar,quotation,〜という,という,"""Called, named""","という bridges an unfamiliar name, term, or quote to the noun it names, especially useful for introducing something the listener likely hasn't heard of yet (「げんき」という本) — without という, placing two nouns together wouldn't convey the ""called/named"" relationship.",Noun + という + Noun,「げんき」という本を使っています。,「げんき」というほんをつかっています。,"I'm using a book called ""Genki.""",,使,Compiled from standard JLPT grammar references; cross-check against Genki/Minna no Nihongo/Bunpro recommended,,,Useful for introducing unfamiliar names or terms.
grammar,N4,grammar,purpose-reason,〜ために,ために,"""In order to, for the purpose of""","ために requires the subject of both clauses to be the same willing agent pursuing a deliberate goal, and the preceding verb must be a volitional action the subject actively controls — the key test that separates it from ように below, used when that control is absent.",Verb (dictionary form)／Noun+の + ために,日本語を勉強するために、日本に来ました。,にほんごをべんきょうするために、にほんにきました。,I came to Japan in order to study Japanese.,勉強;する,日;語;勉;来,Compiled from standard JLPT grammar references; cross-check against Genki/Minna no Nihongo/Bunpro recommended,,,The subject of both clauses is usually the same person.
grammar,N4,grammar,purpose-reason,〜ので,ので,"""Because"" (softer, more objective reason)","ので presents a reason as an objective, almost self-evident fact rather than a personal justification, sounding noticeably more polite and less confrontational than から — often preferred when declining an invitation or explaining an inconvenience to someone you don't know well.",Plain form + ので,疲れたので、休みます。,つかれたので、やすみます。,"Because I'm tired, I'll rest.",休み,,Compiled from standard JLPT grammar references; cross-check against Genki/Minna no Nihongo/Bunpro recommended,,,Sounds more polite/formal than から。
grammar,N4,grammar,purpose-reason,〜し,し,"Lists reasons or qualities, ""and also""","し doesn't just state one reason — it implies additional, unstated reasons supporting the same conclusion, giving statements a slightly more persuasive, ""and on top of that"" feel compared to a single ので or から。",Plain form + し (often repeated),この店は安いし、おいしいです。,このみせはやすいし、おいしいです。,"This shop is cheap, and it's also delicious.",この;安い,安,Compiled from standard JLPT grammar references; cross-check against Genki/Minna no Nihongo/Bunpro recommended,,,Implies there are even more reasons than stated.
grammar,N4,grammar,purpose-reason,〜のに,のに,"""Although, despite"" (unexpected/regrettable result)","のに always carries an emotional charge of surprise, frustration, or unmet expectation about the gap between the two clauses, setting it apart from the neutral factual contrast of けど/が — 頑張ったのに失敗した implies the speaker feels it's unfair.",Plain form + のに,頑張ったのに、失敗しました。,がんばったのに、しっぱいしました。,"Despite trying hard, I failed.",失敗,,Compiled from standard JLPT grammar references; cross-check against Genki/Minna no Nihongo/Bunpro recommended,,,Carries a nuance of surprise or disappointment.
grammar,N4,grammar,purpose-reason,〜ように（目的）,ように,"""So that"" (purpose, with non-volitional verbs)","This ように is used precisely when the verb describes something outside the subject's direct volitional control (potential forms, non-volitional verbs like 忘れる、わかる、できる) — where ために needs an active chosen goal, ように expresses a hoped-for outcome only indirectly influenced.","Verb (potential/dictionary, non-volitional) + ように",忘れないように、メモします。,わすれないように、めもします。,I'll take notes so that I don't forget.,ない,,Compiled from standard JLPT grammar references; cross-check against Genki/Minna no Nihongo/Bunpro recommended,,,"Used when the verb isn't under direct control, unlike ために。"
grammar,N4,grammar,manner,〜方（かた）,かた,"""How to do"", nominalized method","This turns any verb's stem into ""the way of doing X"" and is extremely productive — nearly any action verb can form a 方 noun this way (食べ方、話し方、使い方), making it one of the most versatile N4 patterns for building new vocabulary on the fly.",Verb stem + 方,この漢字の読み方が分かりません。,このかんじのよみかたがわかりません。,I don't know how to read this kanji.,この;漢字,漢;分,Compiled from standard JLPT grammar references; cross-check against Genki/Minna no Nihongo/Bunpro recommended,,,"Very productive: 使い方、作り方、行き方, etc."
grammar,N4,grammar,manner,〜まま,まま,"""As is,"" staying in the same state","まま emphasizes that a state was left unchanged, often against expectation or without the usual accompanying action — 靴を履いたまま部屋に入る draws attention to the (often impolite, in Japan) fact of not removing shoes as one normally would.",Verb た form／Noun+の + まま,靴を履いたまま、部屋に入りました。,くつをはいたまま、へやにはいりました。,I entered the room with my shoes still on.,まま;部屋,部;屋,Compiled from standard JLPT grammar references; cross-check against Genki/Minna no Nihongo/Bunpro recommended,,,Emphasizes that a state continues unchanged.
grammar,N4,grammar,verb-aspect,〜始める,はじめる,"""Begin doing""","This attaches to the verb stem and conjugates like any regular ichidan verb once attached, describing the onset of an action rather than the action's ongoing existence.",Verb stem + 始める,雨が降り始めました。,あめがふりはじめました。,It has started to rain.,始め,始,Compiled from standard JLPT grammar references; cross-check against Genki/Minna no Nihongo/Bunpro recommended,,,Focuses on the beginning point of an action.
grammar,N4,grammar,verb-aspect,〜終わる,おわる,"""Finish doing""","The mirror image of 始める, marking completion — for verbs describing a state rather than a discrete completable action, 終わる may sound unnatural, so it's most common with clearly bounded activities like eating, writing, or reading.",Verb stem + 終わる,宿題をし終わりました。,しゅくだいをしおわりました。,I finished doing my homework.,終わり;宿題,宿;題;終,Compiled from standard JLPT grammar references; cross-check against Genki/Minna no Nihongo/Bunpro recommended,,,Focuses on the completion point of an action.
grammar,N4,grammar,verb-aspect,〜続ける,つづける,"""Continue doing""","続ける emphasizes an unbroken continuity over time, often paired with duration expressions (十年間、ずっと) to highlight persistence or dedication.",Verb stem + 続ける,十年間、日本語を勉強し続けています。,じゅうねんかん、にほんごをべんきょうしつづけています。,I have continued studying Japanese for ten years.,勉強,十;年;間;日;語;勉,Compiled from standard JLPT grammar references; cross-check against Genki/Minna no Nihongo/Bunpro recommended,,,Emphasizes ongoing duration.
grammar,N4,grammar,verb-aspect,〜出す,だす,"""Suddenly start doing""","出す specifically frames the onset as sudden or unexpected, distinguishing it from the more neutral 始める — 泣き出す implies the crying started abruptly, without warning, which 泣き始める wouldn't necessarily convey.",Verb stem + 出す,赤ちゃんが急に泣き出しました。,あかちゃんがきゅうになきだしました。,The baby suddenly started crying.,赤ちゃん;ちゃん,急,Compiled from standard JLPT grammar references; cross-check against Genki/Minna no Nihongo/Bunpro recommended,,,"Implies a sudden, often unexpected, onset."
grammar,N4,grammar,requests-advanced,〜てくれませんか,てくれませんか,"""Won't you do (for me)?"" polite request","Phrasing the request in the negative-question form of くれる (""won't you do this favor for me?"") softens it considerably compared to a plain てください, a natural everyday level of politeness among peers or slight acquaintances.",Verb て form + くれませんか,手伝ってくれませんか。,てつだってくれませんか。,Won't you help me?,,,Compiled from standard JLPT grammar references; cross-check against Genki/Minna no Nihongo/Bunpro recommended,,,More polite than plain てください。
grammar,N4,grammar,requests-advanced,〜ていただけませんか,ていただけませんか,"""Could you possibly do (for me)?"" very polite request","いただく is the humble form of もらう, so this request literally asks ""could I possibly receive the favor of you doing X?"" — one of the most polite common request forms in everyday Japanese, appropriate for strangers, customers, or superiors.",Verb て form + いただけませんか,もう一度説明していただけませんか。,もういちどせつめいしていただけませんか。,Could you possibly explain once more?,説明;だけ;もう;一度,一;度;明,Compiled from standard JLPT grammar references; cross-check against Genki/Minna no Nihongo/Bunpro recommended,,,Very formal; common in business or with strangers.
grammar,N4,grammar,requests-advanced,お＋動詞stem＋ください,お＋どうし stem＋ください,Honorific request form,"This honorific request pattern is common in customer service, announcements, and formal writing (お待ちください) — it can't be used with する-verbs or certain irregular verbs, which have their own separate honorific request forms.",お + Verb stem + ください,どうぞお座りください。,どうぞおすわりください。,Please have a seat.,どうぞ;どう,,Compiled from standard JLPT grammar references; cross-check against Genki/Minna no Nihongo/Bunpro recommended,,,More formal than plain てください; common in service settings.
grammar,N4,grammar,honorific,れる・られる（尊敬）,れる・られる,Respectful passive-form used to show respect for someone's action,"The same conjugation used for the passive voice doubles as a milder, easier-to-produce honorific for someone else's actions — less formal than お+stem+になる or the special honorific verbs, a practical middle ground for everyday polite speech.",Verb passive form,社長は何時に来られますか。,しゃちょうはなんじにこられますか。,What time will the president arrive?,社長,社;何;時;来,Compiled from standard JLPT grammar references; cross-check against Genki/Minna no Nihongo/Bunpro recommended,,,Simpler but less formal than special honorific verbs.
grammar,N4,grammar,honorific,お＋動詞stem＋になる,お＋どうし stem＋になる,Honorific pattern for someone else's action,"This is more clearly and consistently honorific than れる/られる, since れる/られる can be ambiguous with the passive or potential forms depending on context — お+stem+になる is unambiguously respectful.",お + Verb stem + になる,先生は本をお読みになります。,せんせいはほんをおよみになります。,The teacher reads a book.,先生,先;生,Compiled from standard JLPT grammar references; cross-check against Genki/Minna no Nihongo/Bunpro recommended,,,More formal than the れる/られる honorific.
grammar,N4,grammar,honorific,〜させていただきます,させていただきます,"Humble request-permission, ""allow me to do""","This humbly frames an action as something the speaker does only with the (assumed) permission of the listener, even without explicit permission granted — extremely common in Japanese workplace/service language to politely announce one's own actions.",Verb causative stem + ていただきます,今日は早く帰らせていただきます。,きょうははやくかえらせていただきます。,Please allow me to go home early today.,今日,今;日,Compiled from standard JLPT grammar references; cross-check against Genki/Minna no Nihongo/Bunpro recommended,,,Very polite; common in workplace Japanese.
grammar,N4,grammar,particles-advanced,〜について,について,"""About, concerning""","について marks the topic being discussed, written about, or considered, and is more specific/formal than simply using は for a general topic — especially common in essay titles, presentations, and formal writing (〜について書きなさい)。",Noun + について,日本の文化について話します。,にほんのぶんかについてはなします。,I'll talk about Japanese culture.,文化,日;化;話,Compiled from standard JLPT grammar references; cross-check against Genki/Minna no Nihongo/Bunpro recommended,,,Often precedes verbs like 話す、書く、考える。
grammar,N4,grammar,particles-advanced,〜として,として,"""As, in the capacity of""","として marks a role, capacity, or category someone/something occupies, distinct from identity itself — 彼は先生として働いています says he works in the role of a teacher, without claiming ""teacher"" defines his whole identity.",Noun + として,彼は先生として働いています。,かれはせんせいとしてはたらいています。,He works as a teacher.,先生,先;生;働,Compiled from standard JLPT grammar references; cross-check against Genki/Minna no Nihongo/Bunpro recommended,,,"Marks a role or capacity, not identity."
grammar,N4,grammar,particles-advanced,〜によって,によって,"""Depending on"" / ""by means of""","によって has two related uses: showing that something varies depending on a factor (人によって違います) and marking the agent of a passive action in more formal/written Japanese (この本は夏目漱石によって書かれた) — the second, literary use is worth recognizing even if less often produced.",Noun + によって,人によって考え方が違います。,ひとによってかんがえかたがちがいます。,Ways of thinking differ depending on the person.,,人,Compiled from standard JLPT grammar references; cross-check against Genki/Minna no Nihongo/Bunpro recommended,,,Also used for the agent in passive sentences: 〜によって作られた。
grammar,N4,grammar,particles-advanced,〜に対して,にたいして,"""Towards, in contrast to""","に対して marks the target or recipient of an attitude, action, or comparison, often implying a contrast or directed relationship — frequently seen in comparisons like AがBに対して〜 (A, in contrast to B, is ~)。",Noun + に対して,彼は子供に対して優しいです。,かれはこどもにたいしてやさしいです。,He is kind towards children.,優しい;子供,子;対,Compiled from standard JLPT grammar references; cross-check against Genki/Minna no Nihongo/Bunpro recommended,,,Marks the target of an attitude or action.
grammar,N4,grammar,particles-advanced,〜にとって,にとって,"""For (someone)"", from someone's perspective","にとって frames a judgment as true specifically from a particular person's standpoint, which is why it pairs naturally with adjectives of importance or difficulty (大切、難しい) — it marks perspective, not a direct grammatical object.",Noun + にとって,私にとって家族が一番大切です。,わたしにとってかぞくがいちばんたいせつです。,"For me, family is the most important.",一番;大切;家族,私;族;一;大,Compiled from standard JLPT grammar references; cross-check against Genki/Minna no Nihongo/Bunpro recommended,,,Marks the standpoint from which a judgment is made.
grammar,N4,grammar,particles-advanced,さえ,さえ,"""Even"" (emphasis, often an extreme example)","さえ singles out an extreme, least-likely example to make a point about everything else by implication — 子供さえ分かります implies that if even a child understands it, surely everyone else does too, a rhetorically strong form of emphasis.",Noun + さえ,子供さえ分かります。,こどもさえわかります。,Even a child understands this.,子供,子;分,Compiled from standard JLPT grammar references; cross-check against Genki/Minna no Nihongo/Bunpro recommended,,,Emphasizes that the given example is the least likely to qualify.
grammar,N4,grammar,nominalization,こと,こと,"Nominalizer: turns a verb phrase into ""the act/fact of ~ing""","こと turns an entire verb phrase into an abstract noun referring to the act or fact of doing something, required after certain predicates like 趣味は〜こと、〜ことができる、〜ことがある — の can substitute in some but not all of these contexts.",Verb (plain form) + こと,私の趣味は本を読むことです。,わたしのしゅみはほんをよむことです。,My hobby is reading books.,趣味;読む,私;味,Compiled from standard JLPT grammar references; cross-check against Genki/Minna no Nihongo/Bunpro recommended,,,Common after が好き／が得意／ができる。
grammar,N4,grammar,nominalization,〜さ,さ,"Turns an い-adjective into a noun, ""-ness""","さ converts a quality (面白い, interesting) into a measurable, abstract noun (面白さ) — especially useful for asking about or comparing degrees, as in 高さ (height) or 長さ (length), turning subjective adjectives into something quantifiable.",い-Adj stem + さ,この山の高さはどのくらいですか。,このやまのたかさはどのくらいですか。,How high is this mountain?,くらい;この;どの,山,Compiled from standard JLPT grammar references; cross-check against Genki/Minna no Nihongo/Bunpro recommended,,,Makes the adjective measurable/quantifiable.
grammar,N4,grammar,connectors-advanced,それで,それで,"""So, therefore"" (result)","それで states a natural, often unplanned result or consequence following from what was just said, with a slightly more narrative, ""and so"" feel than the more logical/formal だから。",Sentence。+ それで、Sentence。,電車が遅れました。それで、遅刻しました。,でんしゃがおくれました。それで、ちこくしました。,"The train was late. So, I was late.",それで;それ;電車,電;車,Compiled from standard JLPT grammar references; cross-check against Genki/Minna no Nihongo/Bunpro recommended,,,States a cause-and-effect relationship between two sentences.
grammar,N4,grammar,connectors-advanced,けれど（も）,けれども,"""Although, but"" (more formal than でも/が)","けれど(も) functions just like が/でも but sits at a slightly more formal/literary register, common in writing, speeches, or careful speech — が remains the more neutral, everyday default for the same contrastive meaning.",Clause + けれど（も）、Clause,頑張りましたけれども、負けました。,がんばりましたけれども、まけました。,"I tried hard, but I lost.",けれども;けれど,負,Compiled from standard JLPT grammar references; cross-check against Genki/Minna no Nihongo/Bunpro recommended,,,Slightly more formal/literary than が。
grammar,N4,grammar,connectors-advanced,たとえ〜ても,たとえ〜ても,"""Even if"" (emphatic concession)","Adding たとえ before a ても-conditional emphasizes the extremeness or unlikeliness of the hypothetical being conceded, similar to English ""even if [something this extreme] happens"" — an intensifier for ても, not a separate structure on its own.",たとえ + Verb て form + も,たとえ雨が降っても、行きます。,たとえあめがふっても、いきます。,"Even if it rains, I'll go.",,行,Compiled from standard JLPT grammar references; cross-check against Genki/Minna no Nihongo/Bunpro recommended,,,たとえ emphasizes the extremeness of the hypothetical.
grammar,N4,grammar,connectors-advanced,それに,それに,"""Moreover, in addition""","それに adds a second, reinforcing point in the same direction as the first (rather than contrasting, like でも), often used to pile on additional reasons or qualities, similar in feeling to English ""and what's more.""",Sentence。+ それに、Sentence。,この店は安いです。それに、おいしいです。,このみせはやすいです。それに、おいしいです。,"This shop is cheap. Moreover, it's delicious.",それに;それ;この;安い,安,Compiled from standard JLPT grammar references; cross-check against Genki/Minna no Nihongo/Bunpro recommended,,,Adds a supporting point rather than a contrast.
grammar,N4,grammar,misc,〜てもかまいません,てもかまいません,"""It's fine even if..."" (permission, slightly formal)","This is functionally identical to てもいいです but carries a slightly more formal, considerate tone, often used in written notices or careful spoken contexts — かまいません literally means ""it doesn't matter/I don't mind.""",Verb て form + もかまいません,ここに座ってもかまいません。,ここにすわってもかまいません。,It's fine if you sit here.,ここ,,Compiled from standard JLPT grammar references; cross-check against Genki/Minna no Nihongo/Bunpro recommended,,,A more formal alternative to てもいいです。
grammar,N4,grammar,misc,〜ずに,ずに,"""Without doing"" (formal equivalent of ないで)","ずに is the more formal, literary equivalent of ないで, built irregularly from the negative stem (which is why する becomes せずに instead of the expected しずに) — in casual conversation, ないで remains far more common.",Verb ない form (drop ない) + ずに,朝ご飯を食べずに、学校へ行きました。,あさごはんをたべずに、がっこうへいきました。,I went to school without eating breakfast.,学校,食;学;校;行,Compiled from standard JLPT grammar references; cross-check against Genki/Minna no Nihongo/Bunpro recommended,,,"する becomes せずに, an irregular change."
grammar,N4,grammar,misc,〜たばかり,たばかり,"""Just did""","ばかり emphasizes subjective recency — the action might technically have happened minutes or longer ago, but the speaker frames it as having ""just now"" occurred, often to explain why they're not ready to do something else yet.",Verb た form + ばかり,さっき昼ご飯を食べたばかりです。,さっきひるごはんをたべたばかりです。,I just ate lunch a moment ago.,さっき;ばかり,食,Compiled from standard JLPT grammar references; cross-check against Genki/Minna no Nihongo/Bunpro recommended,,,Emphasizes how recently the action was completed.
grammar,N4,grammar,misc,〜たところ,たところ,"""Just did, at the point of finishing""","ところ here marks the precise moment right at an action's completion, focusing more on the exact point in time than ばかり's sense of ""recency"" — the two often overlap in practice, but ところ leans toward pinpointing a moment.",Verb た form + ところ,ちょうど今、着いたところです。,ちょうどいま、ついたところです。,I've just arrived right now.,ころ,今;着,Compiled from standard JLPT grammar references; cross-check against Genki/Minna no Nihongo/Bunpro recommended,,,Similar to たばかり but focuses on the exact moment.
grammar,N4,grammar,misc,〜るところ,るところ,"""About to do""","Using the dictionary form before ところ shifts the meaning entirely to ""about to,"" describing a moment right before an action begins rather than right after it ends — the verb form is what changes the entire meaning of this ところ family.",Verb (dictionary form) + ところ,これから出かけるところです。,これからでかけるところです。,I'm just about to go out.,これから;出かける;かける;これ;ころ,,Compiled from standard JLPT grammar references; cross-check against Genki/Minna no Nihongo/Bunpro recommended,,,Marks a point right before an action begins.
grammar,N4,grammar,misc,〜ているところ,ているところ,"""In the middle of doing""","With the progressive て form before ところ, the focus shifts to being caught in the middle of an ongoing action right now — るところ／ているところ／たところ together form a complete ""about to / in the middle of / just finished"" system.",Verb て form + いるところ,今、宿題をしているところです。,いま、しゅくだいをしているところです。,I'm in the middle of doing homework right now.,宿題;ころ,今;宿;題,Compiled from standard JLPT grammar references; cross-check against Genki/Minna no Nihongo/Bunpro recommended,,,Emphasizes the action is ongoing at this exact moment.
grammar,N4,grammar,misc,〜おかげで,おかげで,"""Thanks to"" (positive cause)","おかげで attributes a positive outcome to someone or something's help or influence, often used with genuine gratitude, sometimes even ironically for a mixed blessing — it almost never introduces a negative outcome, which is what せいで is for instead.",Noun+の／Verb(plain) + おかげで,先生のおかげで、日本語が上手になりました。,せんせいのおかげで、にほんごがじょうずになりました。,"Thanks to my teacher, I became good at Japanese.",先生;上手,先;生;日;語;上,Compiled from standard JLPT grammar references; cross-check against Genki/Minna no Nihongo/Bunpro recommended,,,Almost always used for a positive outcome.
grammar,N4,grammar,misc,〜せいで,せいで,"""Because of"" (negative cause, blame)","せいで is the direct negative counterpart of おかげで, assigning blame for an unwanted outcome — using せいで about your own actions can sound like avoiding responsibility, so it's often softened or avoided when the ""cause"" is the speaker themselves.",Noun+の／Verb(plain) + せいで,雨のせいで、試合が中止になりました。,あめのせいで、しあいがちゅうしになりました。,"Because of the rain, the game was cancelled.",試合,中,Compiled from standard JLPT grammar references; cross-check against Genki/Minna no Nihongo/Bunpro recommended,,,Almost always used for a negative outcome; the opposite of おかげで。
grammar,N4,grammar,misc,〜わけではない,わけではない,"""It's not the case that..."" (partial denial)","This carefully denies a specific implication or assumption without a full, blunt denial — 嫌いなわけではない doesn't claim to like something, it just pushes back against the assumption of active dislike, useful for nuanced, softened disagreement.",Plain form + わけではない,嫌いなわけではないですが、あまり食べません。,きらいなわけではないですが、あまりたべません。,"It's not that I dislike it, but I don't eat it much.",では;嫌い;ない,食,Compiled from standard JLPT grammar references; cross-check against Genki/Minna no Nihongo/Bunpro recommended,,,Softly denies an assumption without a full negation.
grammar,N4,grammar,misc,〜わけがない,わけがない,"""There's no way that...""","This expresses the speaker's strong personal conviction that something is logically impossible or absolutely untrue, often with an incredulous or exasperated tone — stronger and more emotionally charged than a simple negative statement.",Plain form + わけがない,そんな話、本当なわけがない。,そんなはなし、ほんとうなわけがない。,There's no way that story is true.,そんな;ない;本当,話,Compiled from standard JLPT grammar references; cross-check against Genki/Minna no Nihongo/Bunpro recommended,,,Expresses strong conviction that something is impossible.
grammar,N4,grammar,misc,〜に違いない,にちがいない,"""Must be"" (strong conviction)","に違いない expresses strong, confident conviction based on evidence or reasoning, similar in strength to わけがない but focused on asserting what must be true — it sits above でしょう and かもしれません on the confidence scale, just below stating plain fact.",Plain form + に違いない,あの人は先生に違いない。,あのひとはせんせいにちがいない。,That person must be a teacher.,先生;ない;あの,人;先;生,Compiled from standard JLPT grammar references; cross-check against Genki/Minna no Nihongo/Bunpro recommended,,,Stronger and more confident than でしょう or はずだ。
grammar,N4,grammar,misc,〜がる,がる,Shows outward signs of a third person's feelings/desires,"がる converts a first-person feeling/desire word (たい、ほしい、嬉しい、いや) into a description of a third person's observed or inferred feelings, since Japanese grammar generally avoids directly asserting what's inside someone else's mind.",い-Adj stem／ほしい・いや stem + がる,妹は新しいゲームをほしがっています。,いもうとはあたらしいげーむをほしがっています。,My younger sister wants the new game.,新しい,妹,Compiled from standard JLPT grammar references; cross-check against Genki/Minna no Nihongo/Bunpro recommended,,,Used for others; たい/ほしい directly are for the speaker.
grammar,N4,grammar,misc,〜てはどうですか,てはどうですか,"""How about doing"" (suggestion)","This suggestion pattern is built on ては (drawing attention to one option among possibilities) plus どうですか, giving it a slightly more formal, considered feel than the very common, casual たらどうですか below.",Verb て form + はどうですか,一度病院に行ってはどうですか。,いちどびょういんにいってはどうですか。,How about going to the hospital once?,病院;どう;一度,一;度;病;院;行,Compiled from standard JLPT grammar references; cross-check against Genki/Minna no Nihongo/Bunpro recommended,,,Slightly more formal suggestion than たらどうですか。
grammar,N4,grammar,misc,〜たらどうですか,たらどうですか,"""What if you did"" (suggestion)","The most common, casual way to offer friendly advice in daily conversation — often shortened further in very casual speech to just たら? on its own, with どうですか dropped entirely.",Verb た form + らどうですか,少し休んだらどうですか。,すこしやすんだらどうですか。,Why don't you rest a little?,どう;少し,,Compiled from standard JLPT grammar references; cross-check against Genki/Minna no Nihongo/Bunpro recommended,,,"A common, friendly way to give advice."
